,quantity_field,product_name,customer_id,etl_batch_id,store_id,product_id,date,payment_method,id,unit_price
0,4.0,Doohickey,2388.0,6451,1.0,1003,2023-01-01,credit_card,1.0,39.57912
1,8.0,Doohickey,2388.0,8762,1.0,1003,2023-01-01,credit_card,1.0,21.208193
2,3.0,Whatsit,2388.0,6371,1.0,1005,2023-01-01,credit_card,1.0,11.1948805
3,1.0,Widget,2388.0,1907,1.0,1001,2023-01-01,credit_card,1.0,34.956245
4,3.0,Widget,2388.0,8068,1.0,1001,2023-01-01,credit_card,1.0,22.261984
5,3.0,Gadget,2388.0,5132,1.0,1002,2023-01-01,credit_card,1.0,39.42922
6,6.0,Widget,2388.0,1671,1.0,1001,,credit_card,1.0,33.662655
7,6.0,Widget,2388.0,4310,,1001,2023-01-01,,1.0,110.093956
8,8.0,Gadget,2388.0,2825,1.0,1002,2023-01-01,credit_card,1.0,
9,6.0,Widget,2388.0,9876,1.0,1001,2023-01-01,credit_card,1.0,15.369375
10,4.0,Doohickey,2388.0,9185,1.0,1003,2023-01-01,,1.0,37.881268
11,8.0,Gadget,2388.0,1954,1.0,1002,,credit_card,1.0,
12,,Thingamajig,2388.0,6149,1.0,1004,2023-01-01,credit_card,1.0,91.779655
13,1.0,Doohickey,2388.0,1063,1.0,1003,2023-01-01,credit_card,,61.95036
14,1.0,Widget,2388.0,5118,1.0,1001,2023-01-01,credit_card,1.0,43.278385
15,7.0,Thingamajig,2388.0,2403,1.0,1004,2023-01-01,credit_card,1.0,99.23365
16,5.0,Thingamajig,2388.0,7728,1.0,1004,2023-01-01,credit_card,1.0,13.577686
17,2.0,Widget,2388.0,1648,1.0,1001,2023-01-01,credit_card,1.0,20.495111
18,5.0,Widget,2388.0,9121,1.0,1001,2023-01-01,credit_card,,16.5282
19,2.0,Doohickey,2388.0,3080,,1003,2023-01-01,credit_card,1.0,24.720741
20,7.0,Widget,2388.0,3366,1.0,1001,2023-01-01,credit_card,1.0,11.792755
21,5.0,Widget,2388.0,8970,1.0,1001,2023-01-01,credit_card,1.0,53.322758
22,4.0,Widget,2388.0,9112,1.0,1001,2023-01-01,credit_card,1.0,28.031614
23,3.0,Doohickey,2388.0,1863,1.0,1003,2023-01-01,credit_card,1.0,10.989006
24,6.0,Doohickey,2388.0,1978,1.0,1003,2023-01-01,credit_card,1.0,15.460922
25,4.0,Doohickey,2388.0,8680,1.0,1003,2023-01-01,credit_card,1.0,
26,1.0,Doohickey,2388.0,9798,,1003,2023-01-01,,1.0,62.09062
27,2.0,Gadget,2388.0,5398,1.0,1002,2023-01-01,,1.0,148.04973
28,9.0,Gadget,2388.0,2483,1.0,1002,2023-01-01,credit_card,1.0,294.5347
29,9.0,Widget,2388.0,2373,1.0,1001,2023-01-01,credit_card,1.0,45.186893
30,7.0,Widget,2388.0,3395,1.0,1001,2023-01-01,credit_card,1.0,15.765853
31,3.0,Doohickey,2388.0,7167,1.0,1003,2023-01-01,,1.0,6.6923513
32,9.0,Gadget,2388.0,1869,1.0,1002,2023-01-01,credit_card,1.0,40.47901
33,8.0,Gadget,2388.0,6772,1.0,1002,2023-01-01,credit_card,1.0,17.998604
34,7.0,Doohickey,2388.0,8232,1.0,1003,2023-01-01,credit_card,1.0,24.251587
35,5.0,Doohickey,2388.0,2292,1.0,,,credit_card,1.0,20.92464
36,3.0,Gadget,2388.0,9857,1.0,1002,2023-01-01,credit_card,1.0,29.796974
37,1.0,Gadget,2388.0,9885,1.0,1002,2023-01-01,credit_card,1.0,73.66186
38,9.0,Widget,2388.0,3672,1.0,,2023-01-01,credit_card,1.0,37.25501
39,5.0,Widget,2388.0,2009,1.0,1001,2023-01-01,credit_card,1.0,29.400858
40,2.0,Gadget,2388.0,3930,1.0,1002,2023-01-01,credit_card,,15.229886
41,3.0,Widget,2388.0,3324,1.0,1001,2023-01-01,credit_card,1.0,9.430864
42,2.0,Doohickey,7542.0,3510,2.0,1003,2023-01-02,,2.0,37.993908
43,1.0,Widget,7542.0,9323,2.0,1001,2023-01-02,credit_card,2.0,13.218908
44,4.0,Whatsit,7542.0,2393,,1005,2023-01-02,credit_card,2.0,11.868414
45,9.0,Widget,7542.0,3852,2.0,1001,,credit_card,2.0,114.22794
46,9.0,Widget,7542.0,8086,2.0,1001,2023-01-02,credit_card,2.0,120.63257
47,7.0,Gadget,7542.0,1517,2.0,1002,2023-01-02,credit_card,2.0,28.943932
48,9.0,Widget,7542.0,1546,2.0,1001,2023-01-02,credit_card,2.0,24.843832
49,9.0,,7542.0,3716,2.0,1004,2023-01-02,credit_card,2.0,99.09542
50,5.0,,7542.0,9708,2.0,1004,2023-01-02,credit_card,2.0,14.435865
51,3.0,Widget,7542.0,8554,2.0,1001,2023-01-02,credit_card,2.0,16.927757
52,,Whatsit,7542.0,9344,2.0,,2023-01-02,credit_card,2.0,53.65073
53,6.0,Widget,7542.0,8775,2.0,1001,2023-01-02,credit_card,2.0,24.631994
54,4.0,Gadget,7542.0,2065,2.0,1002,2023-01-02,credit_card,2.0,32.988487
55,1.0,Widget,7542.0,4608,2.0,1001,2023-01-02,credit_card,2.0,29.295029
56,7.0,Whatsit,7542.0,5765,2.0,1005,2023-01-02,credit_card,2.0,42.65655
57,2.0,Gadget,2096.0,2499,2.0,1002,2023-01-03,store_credit,3.0,46.027767
58,2.0,Doohickey,2096.0,9934,2.0,1003,2023-01-03,,,61.620285
59,1.0,Gadget,2096.0,6427,2.0,1002,2023-01-03,store_credit,3.0,26.51132
60,1.0,Widget,2096.0,8672,2.0,1001,2023-01-03,store_credit,3.0,34.81016
61,2.0,Thingamajig,2096.0,3327,2.0,1004,2023-01-03,store_credit,3.0,19.62751
62,1.0,Doohickey,2096.0,7435,2.0,1003,2023-01-03,store_credit,3.0,69.559875
63,,Doohickey,2096.0,1953,2.0,1003,2023-01-03,store_credit,3.0,13.684616
64,7.0,,2096.0,1202,2.0,1001,2023-01-03,store_credit,,59.54681
65,4.0,Widget,2096.0,6764,2.0,1001,2023-01-03,store_credit,3.0,28.703289
66,3.0,Whatsit,2096.0,1615,2.0,1005,2023-01-03,,,79.71321
67,5.0,Widget,2096.0,3485,2.0,1001,,store_credit,3.0,58.15732
68,8.0,Widget,2096.0,8145,2.0,1001,,store_credit,3.0,129.7338
69,8.0,Gadget,2096.0,5478,2.0,1002,2023-01-03,store_credit,3.0,57.28742
70,1.0,Doohickey,2096.0,4387,2.0,1003,2023-01-03,store_credit,3.0,10.185548
71,2.0,Whatsit,2096.0,3614,2.0,1005,2023-01-03,store_credit,3.0,
72,3.0,Widget,2096.0,7015,2.0,1001,2023-01-03,store_credit,3.0,13.749392
73,3.0,Whatsit,2096.0,9588,2.0,1005,2023-01-03,store_credit,3.0,22.44999
74,6.0,Widget,2096.0,7651,2.0,1001,2023-01-03,store_credit,3.0,102.8654
75,4.0,Gadget,2096.0,4229,,1002,2023-01-03,store_credit,3.0,53.418137
76,1.0,Doohickey,2096.0,4799,2.0,1003,2023-01-03,,3.0,19.605345
77,4.0,Widget,,1927,2.0,1001,2023-01-03,store_credit,3.0,15.482525
78,5.0,Widget,2096.0,2290,2.0,1001,2023-01-03,store_credit,3.0,33.93974
79,1.0,Gadget,2096.0,3413,2.0,1002,2023-01-03,store_credit,,13.297551
80,8.0,Whatsit,2096.0,4479,2.0,1005,2023-01-03,store_credit,3.0,20.01826
81,1.0,Gadget,2096.0,9910,2.0,,2023-01-03,store_credit,3.0,41.846455
82,9.0,Whatsit,2096.0,8838,2.0,1005,2023-01-03,store_credit,3.0,78.766205
83,1.0,Thingamajig,2096.0,2017,2.0,1004,2023-01-03,store_credit,3.0,52.277763
84,8.0,Gadget,2096.0,3979,2.0,1002,2023-01-03,store_credit,3.0,5.938953
85,9.0,Doohickey,,1506,2.0,1003,2023-01-03,store_credit,3.0,
86,9.0,Widget,2096.0,1563,2.0,1001,2023-01-03,store_credit,3.0,34.95373
87,8.0,Widget,2096.0,4372,2.0,1001,2023-01-03,store_credit,3.0,45.169304
88,8.0,Thingamajig,2096.0,9631,2.0,1004,2023-01-03,store_credit,3.0,111.291985
89,6.0,Doohickey,2096.0,2666,2.0,1003,2023-01-03,store_credit,3.0,7.0467834
90,8.0,Widget,2096.0,7125,2.0,1001,2023-01-03,store_credit,3.0,21.256706
91,2.0,Gadget,2096.0,4533,2.0,,2023-01-03,store_credit,,51.58236
92,5.0,,2096.0,5867,2.0,1003,2023-01-03,store_credit,3.0,10.112823
93,5.0,Thingamajig,2096.0,8822,2.0,1004,2023-01-03,store_credit,3.0,100.17932
94,8.0,Doohickey,2096.0,8461,2.0,1003,2023-01-03,store_credit,3.0,43.6528
95,5.0,Gadget,2096.0,8453,2.0,1002,2023-01-03,store_credit,3.0,62.485718
96,4.0,Widget,2096.0,4700,2.0,1001,2023-01-03,store_credit,3.0,21.580545
97,6.0,Gadget,2096.0,1437,2.0,1002,2023-01-03,store_credit,3.0,60.966393
98,3.0,Doohickey,2096.0,9865,2.0,1003,2023-01-03,store_credit,3.0,73.79963
99,2.0,,2096.0,9944,2.0,1004,2023-01-03,store_credit,3.0,39.43519
100,5.0,Gadget,,8717,2.0,1002,2023-01-03,store_credit,3.0,39.480255
101,4.0,Widget,2096.0,5294,2.0,1001,2023-01-03,store_credit,3.0,40.55899
102,3.0,Widget,2096.0,3524,,1001,2023-01-03,store_credit,3.0,17.3309
103,4.0,Doohickey,2096.0,2571,2.0,1003,2023-01-03,store_credit,3.0,29.64678
104,4.0,Thingamajig,2096.0,4339,2.0,1004,2023-01-03,store_credit,3.0,29.535948
105,3.0,Widget,2096.0,4009,2.0,1001,2023-01-03,store_credit,3.0,44.147903
106,4.0,Widget,2096.0,3481,2.0,1001,2023-01-03,store_credit,3.0,70.09617
107,7.0,Gadget,2096.0,9551,2.0,1002,2023-01-03,store_credit,3.0,14.970745
108,3.0,Widget,2096.0,6933,2.0,1001,2023-01-03,store_credit,3.0,30.151758
109,9.0,Thingamajig,2096.0,3007,2.0,,2023-01-03,store_credit,,100.5939
110,9.0,Widget,2096.0,6753,2.0,1001,,store_credit,3.0,18.95957
111,5.0,Widget,2096.0,7344,2.0,1001,2023-01-03,store_credit,,17.87338
112,3.0,Whatsit,2096.0,5702,2.0,,2023-01-03,store_credit,3.0,38.54127
113,,Widget,2096.0,9519,2.0,1001,2023-01-03,store_credit,3.0,62.382755
114,8.0,Widget,2096.0,9691,2.0,1001,2023-01-03,store_credit,3.0,33.400455
115,9.0,Thingamajig,2066.0,4888,5.0,1004,2023-01-04,credit_card,4.0,19.305496
116,5.0,Doohickey,2066.0,5250,5.0,1003,2023-01-04,credit_card,4.0,
117,8.0,Widget,2066.0,2953,5.0,1001,2023-01-04,credit_card,4.0,3.584444
118,6.0,,2066.0,8052,5.0,1002,2023-01-04,credit_card,4.0,22.02941
119,6.0,,2066.0,9378,,1003,2023-01-04,credit_card,4.0,203.42783
120,2.0,Widget,2066.0,6922,5.0,1001,2023-01-04,credit_card,4.0,45.886143
121,9.0,Gadget,2066.0,2809,5.0,1002,2023-01-04,credit_card,4.0,21.765383
122,3.0,Thingamajig,2066.0,5663,5.0,1004,2023-01-04,credit_card,4.0,46.937183
123,6.0,Widget,2066.0,8150,5.0,1001,2023-01-04,credit_card,4.0,10.270556
124,7.0,Gadget,2066.0,1378,5.0,1002,2023-01-04,credit_card,4.0,26.496363
125,6.0,Gadget,2066.0,6311,5.0,1002,2023-01-04,credit_card,4.0,35.680634
126,9.0,Widget,2066.0,6916,,1001,2023-01-04,credit_card,4.0,31.044588
127,2.0,Whatsit,2066.0,5830,5.0,1005,2023-01-04,credit_card,4.0,59.925648
128,5.0,Doohickey,2066.0,6782,5.0,1003,2023-01-04,credit_card,4.0,42.88336
129,4.0,Widget,2066.0,9061,5.0,1001,2023-01-04,credit_card,4.0,54.66614
130,5.0,Whatsit,2066.0,2123,5.0,1005,2023-01-04,credit_card,,19.761208
131,2.0,Thingamajig,2066.0,6135,5.0,1004,2023-01-04,credit_card,4.0,64.933365
132,2.0,Widget,2066.0,8162,5.0,1001,2023-01-04,credit_card,4.0,112.359406
133,3.0,Thingamajig,2066.0,8396,5.0,1004,,credit_card,4.0,15.996786
134,3.0,Widget,2066.0,5202,5.0,,2023-01-04,credit_card,4.0,17.017262
135,4.0,Whatsit,2066.0,9975,5.0,1005,2023-01-04,credit_card,,90.182755
136,6.0,Doohickey,2066.0,3916,5.0,,2023-01-04,credit_card,4.0,28.688375
137,6.0,Doohickey,2066.0,4965,5.0,1003,2023-01-04,credit_card,4.0,94.904015
138,4.0,Widget,2066.0,8414,5.0,1001,2023-01-04,credit_card,4.0,23.76225
139,4.0,Thingamajig,2066.0,4953,5.0,1004,2023-01-04,credit_card,4.0,98.620995
140,2.0,Widget,2066.0,4089,5.0,1001,2023-01-04,credit_card,4.0,36.547558
141,6.0,Widget,2066.0,6001,5.0,1001,2023-01-04,credit_card,4.0,40.192146
142,3.0,Widget,2066.0,6596,5.0,1001,2023-01-04,credit_card,4.0,107.075966
143,1.0,Doohickey,2066.0,9728,5.0,1003,2023-01-04,credit_card,4.0,25.24611
144,4.0,Widget,2066.0,6560,5.0,1001,2023-01-04,,4.0,16.348864
145,5.0,Whatsit,2066.0,2667,5.0,1005,2023-01-04,credit_card,4.0,23.655056
146,,Doohickey,2066.0,1475,5.0,,2023-01-04,credit_card,4.0,46.490616
147,6.0,Widget,2066.0,9705,5.0,1001,2023-01-04,credit_card,4.0,10.233644
148,6.0,Widget,2066.0,4805,5.0,1001,,credit_card,4.0,53.41562
149,7.0,Widget,2066.0,2813,5.0,1001,,credit_card,4.0,22.107601
150,6.0,,,3004,5.0,1003,2023-01-04,credit_card,4.0,78.324425
151,6.0,Thingamajig,2066.0,1954,5.0,1004,2023-01-04,credit_card,4.0,5.4975624
152,3.0,Widget,2066.0,2795,5.0,1001,2023-01-04,credit_card,,18.358187
153,8.0,Thingamajig,2066.0,8021,,1004,2023-01-04,credit_card,4.0,9.347874
154,5.0,Widget,2066.0,6894,5.0,1001,2023-01-04,credit_card,4.0,17.820116
155,4.0,Thingamajig,2066.0,6397,5.0,1004,2023-01-04,credit_card,4.0,39.874996
156,6.0,Whatsit,2066.0,1102,5.0,1005,2023-01-04,credit_card,4.0,28.950285
157,4.0,Doohickey,2066.0,7050,5.0,1003,2023-01-04,credit_card,4.0,27.384216
158,5.0,Doohickey,2066.0,9720,5.0,1003,2023-01-04,credit_card,4.0,29.388733
159,7.0,Thingamajig,2066.0,9308,5.0,1004,2023-01-04,credit_card,4.0,38.572563
160,8.0,,2066.0,4558,5.0,1001,,credit_card,4.0,15.542808
161,9.0,Widget,2066.0,6401,5.0,1001,2023-01-04,credit_card,4.0,56.26863
162,5.0,Widget,2066.0,3688,5.0,1001,2023-01-04,credit_card,4.0,54.434574
163,5.0,Gadget,,8996,5.0,1002,2023-01-04,credit_card,4.0,44.202374
164,8.0,Doohickey,2066.0,9278,5.0,1003,2023-01-04,credit_card,4.0,50.269577
165,3.0,Doohickey,2066.0,3008,5.0,1003,2023-01-04,credit_card,4.0,41.35997
166,8.0,Thingamajig,2066.0,5379,5.0,,2023-01-04,credit_card,4.0,152.36896
167,5.0,Widget,2066.0,3125,5.0,1001,2023-01-04,credit_card,4.0,31.021465
168,2.0,Doohickey,2066.0,6528,5.0,1003,2023-01-04,credit_card,4.0,26.30312
169,1.0,Widget,2066.0,3635,5.0,1001,2023-01-04,credit_card,4.0,18.818762
170,8.0,Widget,,7261,5.0,1001,2023-01-04,credit_card,4.0,15.26867
171,1.0,Doohickey,2066.0,9832,5.0,1003,,credit_card,4.0,13.022078
172,3.0,Whatsit,2066.0,8841,5.0,1005,2023-01-04,credit_card,4.0,17.003208
173,4.0,Doohickey,2066.0,2639,5.0,1003,2023-01-04,credit_card,4.0,31.40571
174,2.0,Widget,2066.0,2167,5.0,1001,2023-01-04,credit_card,4.0,42.551765
175,3.0,Doohickey,2066.0,8331,5.0,1003,2023-01-04,credit_card,4.0,34.41032
176,7.0,Widget,2066.0,1734,5.0,1001,2023-01-04,credit_card,4.0,18.650045
177,1.0,Thingamajig,2066.0,4601,5.0,1004,2023-01-04,credit_card,4.0,65.04884
178,8.0,Doohickey,2066.0,9942,5.0,1003,2023-01-04,credit_card,4.0,57.65976
179,8.0,Widget,2066.0,5032,5.0,1001,2023-01-04,credit_card,4.0,29.37852
180,4.0,Widget,,1079,5.0,,,credit_card,4.0,20.293749
181,2.0,Widget,2066.0,9776,5.0,1001,2023-01-04,credit_card,4.0,49.96491
182,9.0,Doohickey,,7373,1.0,1003,2023-01-05,store_credit,5.0,110.867645
183,8.0,Doohickey,3501.0,3975,,1003,2023-01-05,store_credit,5.0,13.239692
184,8.0,Whatsit,3501.0,6498,,1005,2023-01-05,store_credit,5.0,39.915993
185,2.0,Doohickey,3501.0,6509,1.0,1003,2023-01-05,store_credit,5.0,129.79732
186,7.0,Gadget,3501.0,5972,1.0,1002,2023-01-05,store_credit,5.0,9.59441
187,4.0,Doohickey,3501.0,9647,1.0,1003,2023-01-05,store_credit,5.0,12.669507
188,5.0,Whatsit,3501.0,8071,1.0,1005,2023-01-05,store_credit,5.0,24.102005
189,6.0,Doohickey,3501.0,3330,1.0,1003,,store_credit,5.0,22.411152
190,7.0,Doohickey,4703.0,9931,5.0,1003,2023-01-06,credit_card,6.0,22.19597
191,8.0,Widget,4703.0,9661,5.0,1001,2023-01-06,credit_card,6.0,24.319324
192,7.0,Gadget,4703.0,1421,5.0,1002,2023-01-06,credit_card,6.0,92.01779
193,8.0,Thingamajig,4703.0,3674,5.0,1004,2023-01-06,credit_card,6.0,15.173652
194,1.0,Whatsit,4703.0,6530,5.0,1005,2023-01-06,credit_card,6.0,5.421729
195,3.0,,4703.0,8904,5.0,1004,2023-01-06,credit_card,6.0,110.85275
196,6.0,Widget,4703.0,7450,5.0,,2023-01-06,credit_card,6.0,224.0784
197,8.0,Widget,,6165,5.0,1001,2023-01-06,credit_card,,24.43577
198,1.0,Widget,4703.0,3753,5.0,1001,2023-01-06,credit_card,6.0,7.74751
199,5.0,Widget,4703.0,1869,5.0,1001,2023-01-06,credit_card,6.0,26.236118
200,7.0,Doohickey,4703.0,9034,5.0,1003,2023-01-06,credit_card,6.0,26.717875
201,1.0,Doohickey,4703.0,5793,,1003,2023-01-06,credit_card,,28.718948
202,2.0,,,5112,1.0,1004,2023-01-07,credit_card,7.0,28.046053
203,8.0,Whatsit,7458.0,9818,1.0,1005,2023-01-07,credit_card,7.0,53.8183
204,3.0,Widget,7458.0,2480,1.0,1001,,credit_card,7.0,32.77824
205,6.0,Gadget,7458.0,3285,1.0,1002,2023-01-07,credit_card,7.0,56.0502
206,8.0,Widget,7458.0,8688,1.0,1001,2023-01-07,credit_card,7.0,15.236463
207,,Gadget,7458.0,3558,1.0,1002,2023-01-07,credit_card,7.0,32.816666
208,4.0,Whatsit,7458.0,9485,1.0,1005,2023-01-07,credit_card,7.0,28.275126
209,5.0,Doohickey,7458.0,8719,1.0,1003,2023-01-07,,7.0,13.304227
210,9.0,,7458.0,1895,1.0,1002,2023-01-07,credit_card,7.0,10.251167
211,7.0,Widget,7458.0,5119,1.0,1001,2023-01-07,credit_card,,55.385166
212,8.0,Whatsit,7458.0,7764,1.0,1005,2023-01-07,credit_card,,25.45178
213,9.0,Gadget,7458.0,5405,1.0,,2023-01-07,credit_card,7.0,15.383412
214,8.0,Widget,7458.0,2934,1.0,1001,2023-01-07,credit_card,7.0,30.810816
215,2.0,Widget,7458.0,1405,1.0,1001,2023-01-07,credit_card,7.0,77.17026
216,6.0,Widget,7458.0,1060,1.0,1001,2023-01-07,credit_card,7.0,5.986139
217,1.0,Widget,7458.0,2604,1.0,1001,2023-01-07,credit_card,,10.778151
218,6.0,Widget,7458.0,3345,1.0,1001,2023-01-07,credit_card,7.0,16.574
219,9.0,Gadget,7458.0,3716,1.0,1002,2023-01-07,credit_card,7.0,99.07569
220,5.0,Doohickey,7458.0,8693,1.0,1003,2023-01-07,credit_card,7.0,40.93315
221,4.0,Widget,,5577,1.0,,2023-01-07,credit_card,,58.879204
222,1.0,Gadget,7458.0,2270,1.0,1002,2023-01-07,credit_card,7.0,14.081745
223,9.0,Whatsit,7458.0,1749,1.0,1005,2023-01-07,credit_card,7.0,14.301267
224,1.0,Doohickey,7458.0,2175,1.0,,2023-01-07,credit_card,7.0,46.33327
225,1.0,Gadget,7458.0,3821,1.0,,2023-01-07,credit_card,7.0,34.594883
226,,Widget,7458.0,7650,1.0,1001,2023-01-07,credit_card,7.0,49.976562
227,1.0,Thingamajig,7458.0,1445,1.0,1004,2023-01-07,credit_card,7.0,28.767513
228,5.0,Widget,7458.0,4656,1.0,1001,2023-01-07,credit_card,7.0,40.79697
229,5.0,Widget,7458.0,5027,1.0,1001,2023-01-07,credit_card,7.0,37.284935
230,3.0,Whatsit,7458.0,2336,1.0,1005,2023-01-07,credit_card,7.0,
231,1.0,Gadget,7458.0,1527,1.0,1002,,credit_card,7.0,60.658283
232,2.0,Doohickey,7458.0,3069,1.0,1003,2023-01-07,credit_card,7.0,9.82663
233,4.0,Gadget,7458.0,2366,1.0,1002,2023-01-07,credit_card,7.0,6.1383047
234,1.0,Doohickey,7458.0,8150,1.0,1003,2023-01-07,credit_card,7.0,70.19724
235,7.0,Widget,7458.0,9249,1.0,1001,2023-01-07,credit_card,7.0,80.70446
236,2.0,Widget,7458.0,6608,1.0,1001,2023-01-07,credit_card,7.0,15.402545
237,3.0,Widget,7458.0,7826,1.0,1001,2023-01-07,credit_card,7.0,8.208117
238,2.0,Doohickey,2464.0,7847,2.0,1003,2023-01-08,credit_card,8.0,17.570406
239,2.0,Thingamajig,2464.0,8897,2.0,1004,2023-01-08,credit_card,8.0,14.6908655
240,7.0,Widget,2464.0,1879,2.0,1001,2023-01-08,credit_card,8.0,42.882065
241,2.0,Whatsit,2464.0,9972,2.0,1005,2023-01-08,credit_card,8.0,44.011898
242,5.0,Gadget,2464.0,5122,,1002,2023-01-08,credit_card,8.0,86.964355
243,9.0,Doohickey,2464.0,5886,2.0,1003,2023-01-08,credit_card,8.0,75.56436
244,1.0,,2464.0,8173,2.0,1005,2023-01-08,credit_card,8.0,29.988935
245,1.0,Widget,2464.0,5443,2.0,1001,2023-01-08,credit_card,8.0,13.024674
246,9.0,Thingamajig,2464.0,3391,2.0,1004,2023-01-08,credit_card,8.0,26.066998
247,6.0,Widget,2464.0,1171,2.0,1001,2023-01-08,credit_card,8.0,38.975117
248,,Doohickey,2464.0,2522,2.0,1003,2023-01-08,credit_card,8.0,28.458235
249,9.0,Doohickey,2464.0,1759,2.0,1003,2023-01-08,credit_card,8.0,21.468342
250,8.0,Widget,2464.0,4435,2.0,1001,2023-01-08,credit_card,,40.03138
251,5.0,,2464.0,8009,2.0,1002,2023-01-08,credit_card,8.0,22.692436
252,6.0,Widget,2464.0,4000,2.0,1001,2023-01-08,credit_card,8.0,20.675522
253,3.0,Widget,2464.0,6375,2.0,1001,2023-01-08,credit_card,8.0,41.82899
254,1.0,Widget,2464.0,2669,2.0,1001,2023-01-08,credit_card,8.0,24.495895
255,6.0,Widget,2464.0,6312,2.0,1001,2023-01-08,credit_card,8.0,39.768627
256,3.0,Widget,2464.0,9584,2.0,1001,2023-01-08,credit_card,8.0,40.646107
257,6.0,Widget,2464.0,3838,2.0,1001,2023-01-08,credit_card,8.0,14.089478
258,8.0,,2464.0,5347,2.0,1003,2023-01-08,credit_card,8.0,23.08237
259,1.0,Doohickey,2464.0,9665,2.0,1003,2023-01-08,,8.0,97.351944
260,6.0,Doohickey,2464.0,6472,2.0,1003,2023-01-08,credit_card,8.0,13.852149
261,3.0,Widget,,4592,2.0,1001,2023-01-08,credit_card,,6.770055
262,8.0,Thingamajig,2464.0,2089,2.0,1004,2023-01-08,credit_card,8.0,8.195753
263,3.0,Gadget,2464.0,9434,2.0,1002,2023-01-08,credit_card,8.0,33.846394
264,8.0,Doohickey,7579.0,6489,3.0,1003,2023-01-09,credit_card,9.0,19.94517
265,3.0,Gadget,7579.0,1512,3.0,1002,2023-01-09,credit_card,9.0,17.34426
266,2.0,Widget,7579.0,5997,3.0,1001,2023-01-09,credit_card,9.0,47.42534
267,2.0,Whatsit,7579.0,9714,3.0,1005,2023-01-09,credit_card,9.0,10.467429
268,5.0,Thingamajig,7579.0,9386,3.0,1004,2023-01-09,credit_card,9.0,44.356922
269,5.0,Doohickey,7579.0,2761,3.0,1003,2023-01-09,credit_card,9.0,35.76304
270,3.0,Widget,7579.0,4710,3.0,1001,2023-01-09,credit_card,9.0,29.648695
271,1.0,Widget,7579.0,9876,3.0,1001,,credit_card,9.0,108.98466
272,,Doohickey,7579.0,8037,3.0,1003,,credit_card,9.0,20.76657
273,9.0,Widget,7579.0,6040,3.0,1001,2023-01-09,credit_card,9.0,155.27902
274,6.0,Whatsit,7579.0,3737,,1005,2023-01-09,credit_card,9.0,27.964235
275,5.0,Widget,,7864,3.0,,2023-01-09,credit_card,9.0,12.708076
276,,Doohickey,7579.0,6209,3.0,1003,2023-01-09,credit_card,9.0,34.898354
277,3.0,Thingamajig,7579.0,5715,3.0,1004,2023-01-09,credit_card,9.0,14.77322
278,3.0,Widget,7579.0,9341,3.0,1001,2023-01-09,credit_card,9.0,18.843784
279,7.0,Widget,7579.0,4395,3.0,1001,2023-01-09,credit_card,9.0,44.601833
280,8.0,Doohickey,7579.0,6625,3.0,1003,2023-01-09,credit_card,9.0,50.233723
281,9.0,Gadget,7579.0,1391,3.0,1002,2023-01-09,credit_card,9.0,
282,9.0,Gadget,7579.0,7399,3.0,,2023-01-09,credit_card,9.0,69.446304
283,9.0,Doohickey,7579.0,5924,3.0,1003,,credit_card,9.0,78.89603
284,9.0,Whatsit,,8882,3.0,1005,2023-01-09,credit_card,9.0,97.24429
285,1.0,Gadget,7579.0,3995,3.0,1002,2023-01-09,credit_card,9.0,
286,2.0,Widget,7579.0,9327,3.0,1001,2023-01-09,credit_card,9.0,92.07206
287,3.0,Widget,7579.0,6180,3.0,,2023-01-09,credit_card,9.0,8.080075
288,5.0,Widget,7579.0,2874,3.0,1001,2023-01-09,credit_card,9.0,26.09047
289,1.0,Widget,7579.0,2443,3.0,1001,,credit_card,,17.283392
290,8.0,Widget,7579.0,2762,3.0,1001,2023-01-09,credit_card,,36.213043
291,6.0,Doohickey,7579.0,3717,3.0,1003,2023-01-09,credit_card,9.0,21.572365
292,5.0,Widget,7579.0,5953,3.0,1001,2023-01-09,credit_card,9.0,29.23544
293,2.0,Whatsit,7579.0,8813,3.0,1005,2023-01-09,credit_card,9.0,135.86084
294,3.0,Widget,7579.0,9958,3.0,1001,2023-01-09,credit_card,9.0,
295,2.0,Widget,7579.0,7103,3.0,1001,2023-01-09,credit_card,9.0,45.165985
296,8.0,Doohickey,7579.0,5410,,1003,2023-01-09,credit_card,9.0,27.821192
297,5.0,Whatsit,,6519,5.0,1005,2023-01-10,cash,10.0,18.979433
298,2.0,Widget,5337.0,3977,5.0,1001,,cash,10.0,66.23893
299,9.0,Gadget,,3203,5.0,1002,2023-01-10,cash,10.0,33.986347
300,4.0,Widget,5337.0,5834,5.0,,2023-01-10,cash,10.0,26.786638
301,1.0,Widget,5337.0,8447,5.0,1001,2023-01-10,cash,10.0,30.58053
302,4.0,Widget,5337.0,1579,5.0,1001,2023-01-10,cash,10.0,39.147694
303,8.0,Widget,5337.0,1997,5.0,1001,2023-01-10,,10.0,52.59445
304,6.0,Whatsit,5337.0,2594,5.0,1005,2023-01-10,cash,10.0,15.6460085
305,,Widget,5337.0,2889,5.0,1001,2023-01-10,cash,10.0,
306,8.0,Doohickey,5337.0,2340,5.0,1003,2023-01-10,cash,10.0,75.83117
307,2.0,,5337.0,2171,5.0,1002,2023-01-10,cash,10.0,24.306585
308,9.0,Gadget,5337.0,1251,5.0,1002,2023-01-10,cash,10.0,11.442888
309,4.0,Gadget,5337.0,4134,5.0,1002,2023-01-10,cash,10.0,46.194443
310,,Widget,5337.0,7499,5.0,1001,2023-01-10,,10.0,46.87701
311,1.0,,5337.0,2412,5.0,1005,2023-01-10,,10.0,10.506179
312,9.0,,5337.0,3928,5.0,1004,2023-01-10,cash,10.0,39.334866
313,3.0,Doohickey,5337.0,9758,,1003,2023-01-10,cash,10.0,57.494385
314,7.0,Doohickey,9031.0,2516,1.0,1003,2023-01-11,credit_card,11.0,27.651281
315,7.0,Whatsit,,9884,1.0,1005,2023-01-11,,11.0,35.749043
316,7.0,Gadget,9031.0,5609,1.0,1002,2023-01-11,credit_card,11.0,35.136536
317,5.0,Doohickey,9031.0,7516,1.0,1003,2023-01-11,credit_card,11.0,77.498634
318,5.0,Widget,9031.0,3910,1.0,1001,2023-01-11,credit_card,11.0,25.25558
319,3.0,Whatsit,9031.0,3920,1.0,1005,2023-01-11,credit_card,11.0,43.121677
320,6.0,Widget,9031.0,4536,1.0,1001,2023-01-11,,11.0,15.7766285
321,3.0,Doohickey,9031.0,2151,1.0,1003,2023-01-11,credit_card,11.0,46.42035
322,3.0,Gadget,,3839,1.0,1002,2023-01-11,credit_card,11.0,33.19275
323,6.0,Gadget,9031.0,9048,1.0,1002,2023-01-11,credit_card,11.0,18.871258
324,4.0,Doohickey,9031.0,1035,1.0,1003,2023-01-11,credit_card,11.0,27.747007
325,2.0,Gadget,9031.0,6148,1.0,1002,2023-01-11,credit_card,11.0,28.843025
326,8.0,,9031.0,7194,1.0,1005,2023-01-11,credit_card,11.0,27.041796
327,,,9031.0,2272,,1002,2023-01-11,credit_card,11.0,125.024025
328,2.0,Doohickey,9031.0,1996,1.0,1003,2023-01-11,credit_card,11.0,30.758472
329,1.0,Widget,9031.0,5971,1.0,1001,2023-01-11,credit_card,11.0,27.579643
330,4.0,Gadget,9031.0,2972,1.0,1002,2023-01-11,credit_card,11.0,6.8682666
331,8.0,Gadget,9031.0,9801,1.0,,2023-01-11,credit_card,11.0,16.934357
332,8.0,Widget,9031.0,2712,1.0,1001,2023-01-11,credit_card,11.0,27.185804
333,2.0,,9031.0,2178,1.0,1001,2023-01-11,credit_card,11.0,
334,7.0,,9031.0,3981,1.0,1003,2023-01-11,credit_card,11.0,93.34298
335,2.0,Doohickey,9031.0,3987,1.0,1003,2023-01-11,credit_card,11.0,29.262203
336,4.0,Doohickey,9031.0,2441,1.0,1003,2023-01-11,credit_card,11.0,87.03699
337,9.0,Widget,9031.0,6984,1.0,,2023-01-11,credit_card,11.0,34.684
338,2.0,,9031.0,4122,1.0,1001,2023-01-11,credit_card,11.0,34.053093
339,2.0,Widget,9031.0,5742,1.0,1001,2023-01-11,credit_card,11.0,30.981884
340,4.0,Doohickey,9031.0,3189,1.0,1003,2023-01-11,credit_card,11.0,33.209873
341,6.0,Thingamajig,9031.0,1867,,1004,2023-01-11,credit_card,11.0,120.192696
342,9.0,Widget,9031.0,1550,1.0,1001,2023-01-11,credit_card,11.0,5.8141346
343,9.0,Doohickey,9031.0,1475,1.0,1003,2023-01-11,credit_card,11.0,7.380495
344,,Widget,9031.0,8834,1.0,1001,2023-01-11,credit_card,11.0,22.034775
345,2.0,Widget,9031.0,3379,1.0,1001,2023-01-11,credit_card,11.0,33.47825
346,8.0,Widget,9031.0,3749,1.0,1001,2023-01-11,credit_card,11.0,55.56638
347,3.0,Widget,9031.0,6212,1.0,1001,2023-01-11,credit_card,11.0,47.2199
348,8.0,Doohickey,9031.0,1857,1.0,1003,2023-01-11,credit_card,11.0,24.824116
349,6.0,Whatsit,9031.0,6405,1.0,1005,2023-01-11,credit_card,11.0,71.1139
350,2.0,Widget,9031.0,5693,1.0,1001,2023-01-11,credit_card,11.0,71.711174
351,8.0,Gadget,9031.0,8122,1.0,1002,2023-01-11,credit_card,11.0,
352,,Doohickey,9031.0,2109,1.0,1003,2023-01-11,credit_card,11.0,68.16922
353,4.0,Whatsit,,1153,1.0,1005,2023-01-11,,,40.629074
354,5.0,Doohickey,9031.0,7957,1.0,1003,2023-01-11,credit_card,11.0,21.734215
355,5.0,Widget,9031.0,4330,1.0,1001,2023-01-11,credit_card,11.0,55.88872
356,7.0,Doohickey,9031.0,1554,1.0,1003,2023-01-11,credit_card,11.0,35.979877
357,6.0,Widget,9031.0,6006,1.0,1001,2023-01-11,credit_card,11.0,33.148746
358,9.0,Whatsit,9031.0,5181,1.0,1005,2023-01-11,credit_card,11.0,99.954506
359,9.0,,9031.0,9557,1.0,1001,2023-01-11,credit_card,11.0,5.269028
360,5.0,Doohickey,9031.0,9493,1.0,1003,2023-01-11,credit_card,11.0,11.435664
361,1.0,Widget,9031.0,5850,1.0,1001,2023-01-11,credit_card,11.0,13.5949335
362,7.0,Gadget,9031.0,2430,1.0,,2023-01-11,credit_card,11.0,25.21791
363,9.0,Thingamajig,9031.0,7730,1.0,1004,2023-01-11,credit_card,11.0,27.358953
364,3.0,Doohickey,9031.0,2812,,1003,2023-01-11,credit_card,,10.692106
365,5.0,Gadget,9031.0,8541,1.0,1002,2023-01-11,credit_card,11.0,15.81773
366,4.0,Whatsit,9031.0,6403,1.0,1005,2023-01-11,credit_card,11.0,17.363472
367,1.0,Thingamajig,9031.0,4189,1.0,1004,2023-01-11,credit_card,11.0,209.15343
368,7.0,Widget,9031.0,9817,1.0,1001,2023-01-11,credit_card,11.0,127.90739
369,4.0,Gadget,9031.0,5628,1.0,1002,2023-01-11,credit_card,11.0,24.317297
370,8.0,Gadget,9031.0,4472,1.0,1002,2023-01-11,credit_card,11.0,25.21181
371,8.0,Doohickey,9031.0,2700,1.0,1003,2023-01-11,credit_card,11.0,13.986562
372,8.0,Widget,9031.0,6837,1.0,1001,,credit_card,11.0,7.916128
373,4.0,Widget,9031.0,3428,1.0,1001,2023-01-11,credit_card,11.0,30.336143
374,3.0,Whatsit,9031.0,2370,1.0,1005,,,11.0,15.667852
375,7.0,Whatsit,9031.0,2064,1.0,1005,2023-01-11,credit_card,11.0,31.07371
376,8.0,Thingamajig,9031.0,6771,1.0,1004,2023-01-11,credit_card,11.0,9.972643
377,5.0,Whatsit,9031.0,9288,1.0,1005,2023-01-11,credit_card,11.0,18.699919
378,2.0,Gadget,3832.0,3273,2.0,1002,2023-01-12,credit_card,12.0,20.164776
379,1.0,Doohickey,3832.0,2955,2.0,1003,2023-01-12,credit_card,12.0,13.900176
380,8.0,Widget,3832.0,6518,2.0,1001,2023-01-12,credit_card,12.0,16.054459
381,6.0,Widget,3832.0,2286,2.0,1001,2023-01-12,credit_card,12.0,34.470753
382,4.0,Widget,3832.0,1797,2.0,1001,2023-01-12,credit_card,12.0,6.935814
383,,Thingamajig,3832.0,6736,2.0,1004,2023-01-12,credit_card,12.0,52.49421
384,,Doohickey,3832.0,5724,2.0,1003,2023-01-12,credit_card,12.0,58.287712
385,6.0,Widget,3832.0,1257,2.0,1001,2023-01-12,credit_card,12.0,27.43098
386,9.0,Thingamajig,3832.0,3136,2.0,1004,2023-01-12,credit_card,12.0,5.152431
387,,Gadget,3832.0,2785,2.0,1002,2023-01-12,credit_card,12.0,15.684705
388,4.0,Gadget,3832.0,7134,,1002,2023-01-12,credit_card,12.0,83.485794
389,3.0,Whatsit,3832.0,6990,2.0,1005,2023-01-12,credit_card,12.0,4.1226835
390,5.0,Widget,3832.0,7728,2.0,1001,2023-01-12,credit_card,12.0,25.51732
391,,Widget,3832.0,1893,2.0,1001,2023-01-12,credit_card,12.0,13.667209
392,5.0,Gadget,3832.0,8632,2.0,1002,2023-01-12,credit_card,12.0,60.547474
393,6.0,Widget,3832.0,2883,2.0,1001,2023-01-12,credit_card,12.0,19.958689
394,5.0,Doohickey,3832.0,9930,2.0,1003,2023-01-12,credit_card,12.0,
395,3.0,Widget,3832.0,8846,2.0,1001,2023-01-12,credit_card,12.0,50.607273
396,4.0,Widget,3832.0,5133,2.0,1001,2023-01-12,credit_card,12.0,131.25859
397,4.0,Widget,3832.0,8069,2.0,1001,2023-01-12,credit_card,12.0,28.439913
398,1.0,Gadget,3832.0,7034,2.0,1002,2023-01-12,credit_card,12.0,43.905224
399,2.0,Widget,3832.0,7962,2.0,1001,2023-01-12,credit_card,12.0,10.872192
400,7.0,Widget,3832.0,1165,2.0,1001,2023-01-12,credit_card,,80.86735
401,4.0,Thingamajig,,1754,2.0,1004,2023-01-12,credit_card,12.0,18.720484
402,2.0,Widget,3832.0,9144,2.0,1001,2023-01-12,credit_card,12.0,21.7461
403,6.0,Widget,3832.0,8031,2.0,1001,,credit_card,12.0,32.56748
404,7.0,Widget,3832.0,6541,2.0,,2023-01-12,credit_card,12.0,10.255732
405,3.0,Widget,3832.0,3810,2.0,1001,2023-01-12,,12.0,39.313877
406,8.0,Widget,3832.0,4791,2.0,1001,2023-01-12,credit_card,12.0,68.41552
407,,Doohickey,3832.0,4537,2.0,1003,2023-01-12,credit_card,12.0,41.252033
408,,Widget,3832.0,4908,2.0,1001,2023-01-12,,12.0,10.057583
409,7.0,Thingamajig,3832.0,6653,2.0,1004,2023-01-12,credit_card,12.0,30.178902
410,1.0,Whatsit,3832.0,7821,2.0,1005,2023-01-12,credit_card,12.0,57.773006
411,9.0,Widget,,4452,2.0,1001,2023-01-12,credit_card,12.0,8.09712
412,4.0,Widget,3832.0,8500,2.0,,,,12.0,14.7896185
413,9.0,Widget,3832.0,1814,2.0,1001,2023-01-12,,12.0,63.905643
414,6.0,Doohickey,3832.0,8270,2.0,1003,2023-01-12,credit_card,12.0,40.551453
415,1.0,Widget,3832.0,7087,2.0,1001,2023-01-12,credit_card,12.0,45.10435
416,,Thingamajig,3832.0,5594,2.0,1004,2023-01-12,credit_card,12.0,133.56938
417,7.0,Doohickey,3832.0,4375,2.0,1003,2023-01-12,credit_card,12.0,47.059586
418,6.0,Thingamajig,,4339,2.0,1004,2023-01-12,credit_card,12.0,54.239857
419,1.0,Gadget,3832.0,4243,2.0,1002,2023-01-12,credit_card,12.0,252.91644
420,7.0,Whatsit,3832.0,9508,2.0,1005,2023-01-12,credit_card,12.0,28.209156
421,8.0,Widget,3832.0,1241,2.0,1001,2023-01-12,credit_card,12.0,18.203028
422,5.0,Gadget,3832.0,6707,2.0,1002,2023-01-12,credit_card,12.0,45.642864
423,5.0,Widget,3832.0,9900,2.0,1001,2023-01-12,credit_card,12.0,46.027695
424,1.0,Whatsit,3832.0,5892,2.0,1005,2023-01-12,,12.0,22.308403
425,8.0,,,6751,2.0,1002,2023-01-12,credit_card,12.0,15.267131
426,,Thingamajig,3832.0,6384,2.0,1004,2023-01-12,credit_card,12.0,187.23853
427,8.0,Widget,3832.0,5551,2.0,1001,2023-01-12,credit_card,12.0,42.314617
428,4.0,Whatsit,3832.0,6668,2.0,1005,2023-01-12,credit_card,12.0,19.120975
429,6.0,Gadget,3832.0,9131,2.0,1002,2023-01-12,,12.0,
430,3.0,Gadget,3832.0,7416,2.0,1002,2023-01-12,credit_card,12.0,30.512644
431,2.0,Whatsit,3832.0,8645,2.0,1005,2023-01-12,credit_card,12.0,27.39441
432,7.0,Widget,3832.0,5978,2.0,1001,2023-01-12,credit_card,12.0,50.486435
433,5.0,Widget,3832.0,7959,2.0,1001,2023-01-12,credit_card,12.0,12.567176
434,5.0,Gadget,3832.0,8877,2.0,1002,2023-01-12,credit_card,12.0,43.140854
435,9.0,Widget,,2907,2.0,1001,2023-01-12,credit_card,12.0,139.03366
436,9.0,Widget,3832.0,8736,2.0,1001,2023-01-12,credit_card,12.0,46.97583
437,9.0,Gadget,4574.0,7179,2.0,1002,2023-01-13,credit_card,13.0,27.026123
438,2.0,Widget,4574.0,4979,2.0,1001,2023-01-13,credit_card,13.0,16.498312
439,5.0,Whatsit,4574.0,7966,2.0,1005,2023-01-13,credit_card,13.0,17.267998
440,,Widget,4574.0,2516,2.0,1001,2023-01-13,credit_card,13.0,9.712392
441,9.0,Widget,4574.0,7285,2.0,1001,2023-01-13,credit_card,13.0,39.555767
442,3.0,Widget,4574.0,6189,2.0,1001,2023-01-13,credit_card,13.0,31.106394
443,1.0,Whatsit,4574.0,8991,2.0,1005,2023-01-13,credit_card,13.0,23.807703
444,2.0,Widget,4574.0,6586,2.0,1001,2023-01-13,credit_card,13.0,3.6084774
445,1.0,Thingamajig,4574.0,5730,2.0,1004,2023-01-13,credit_card,13.0,12.994314
446,2.0,Doohickey,4574.0,5709,2.0,1003,2023-01-13,credit_card,13.0,76.75592
447,6.0,Thingamajig,4574.0,5993,2.0,1004,2023-01-13,credit_card,13.0,20.1163
448,9.0,Whatsit,4574.0,9014,2.0,1005,2023-01-13,credit_card,13.0,43.39932
449,5.0,Thingamajig,4574.0,8065,2.0,1004,2023-01-13,credit_card,,11.669585
450,6.0,Whatsit,4574.0,1837,2.0,1005,2023-01-13,credit_card,13.0,97.41976
451,2.0,Widget,4574.0,5791,2.0,1001,2023-01-13,credit_card,13.0,29.724728
452,8.0,Doohickey,4574.0,3586,2.0,1003,2023-01-13,credit_card,13.0,41.16261
453,6.0,Gadget,4574.0,2480,,1002,2023-01-13,credit_card,13.0,189.48973
454,8.0,Gadget,4574.0,8791,2.0,1002,2023-01-13,credit_card,13.0,103.26826
455,9.0,Thingamajig,4574.0,8715,2.0,1004,2023-01-13,credit_card,13.0,26.313334
456,4.0,Whatsit,4574.0,9453,2.0,,2023-01-13,credit_card,,21.222986
457,,Doohickey,4574.0,4544,2.0,1003,2023-01-13,credit_card,,25.94143
458,3.0,Gadget,4574.0,4832,2.0,1002,2023-01-13,credit_card,13.0,48.54172
459,4.0,Gadget,4574.0,8001,2.0,1002,2023-01-13,credit_card,13.0,30.602507
460,9.0,Widget,4574.0,2733,2.0,1001,2023-01-13,credit_card,13.0,24.620192
461,,Widget,4574.0,1488,2.0,1001,2023-01-13,credit_card,13.0,
462,7.0,Widget,4574.0,4782,2.0,1001,2023-01-13,credit_card,13.0,30.39696
463,5.0,Widget,4574.0,6662,2.0,1001,2023-01-13,credit_card,13.0,185.8039
464,2.0,Widget,4574.0,5105,2.0,1001,2023-01-13,credit_card,13.0,35.447647
465,3.0,Doohickey,4574.0,2900,2.0,1003,2023-01-13,credit_card,13.0,126.34153
466,6.0,Gadget,4574.0,5675,2.0,1002,2023-01-13,credit_card,13.0,43.29294
467,7.0,Whatsit,4574.0,9482,2.0,1005,2023-01-13,credit_card,13.0,68.184715
468,4.0,Doohickey,4574.0,3468,2.0,1003,,credit_card,13.0,19.23135
469,3.0,Widget,4574.0,4599,2.0,1001,2023-01-13,credit_card,13.0,17.45595
470,7.0,Widget,4574.0,3813,2.0,1001,2023-01-13,credit_card,13.0,
471,2.0,Widget,4574.0,3641,2.0,1001,2023-01-13,credit_card,13.0,69.50613
472,4.0,Doohickey,2939.0,6899,1.0,1003,2023-01-14,store_credit,14.0,79.96827
473,6.0,Widget,2939.0,4371,1.0,1001,2023-01-14,store_credit,14.0,38.25659
474,3.0,Widget,2939.0,6595,1.0,1001,2023-01-14,store_credit,14.0,77.40406
475,2.0,Doohickey,2939.0,1177,1.0,1003,2023-01-14,store_credit,14.0,5.707474
476,2.0,Doohickey,2939.0,6958,1.0,1003,,store_credit,14.0,109.162674
477,1.0,Thingamajig,2939.0,1949,1.0,1004,2023-01-14,store_credit,14.0,43.87289
478,9.0,Widget,2939.0,4395,,1001,2023-01-14,store_credit,14.0,74.32018
479,,Widget,2939.0,8852,1.0,1001,2023-01-14,store_credit,14.0,13.264525
480,8.0,Whatsit,2939.0,4027,1.0,1005,2023-01-14,store_credit,14.0,17.759535
481,7.0,Widget,2939.0,7281,1.0,1001,2023-01-14,store_credit,14.0,36.945866
482,2.0,Widget,2939.0,4163,1.0,1001,2023-01-14,store_credit,14.0,
483,,Widget,2939.0,9120,1.0,1001,2023-01-14,store_credit,14.0,40.947937
484,8.0,Gadget,2939.0,9559,1.0,1002,2023-01-14,store_credit,14.0,74.693
485,3.0,Thingamajig,2939.0,9180,1.0,1004,2023-01-14,store_credit,14.0,8.811739
486,9.0,Doohickey,2939.0,4556,1.0,1003,2023-01-14,store_credit,14.0,68.74227
487,2.0,Doohickey,2939.0,3857,1.0,1003,2023-01-14,store_credit,14.0,33.321785
488,7.0,Widget,2939.0,6454,1.0,1001,2023-01-14,store_credit,14.0,28.422003
489,8.0,Widget,2939.0,8349,1.0,1001,2023-01-14,store_credit,14.0,10.98646
490,3.0,Gadget,2939.0,5705,1.0,1002,2023-01-14,store_credit,14.0,48.292995
491,3.0,,2939.0,7641,1.0,1001,2023-01-14,store_credit,14.0,5.4163337
492,9.0,Widget,2939.0,8885,1.0,1001,2023-01-14,store_credit,14.0,53.855015
493,3.0,,2939.0,7767,1.0,1001,2023-01-14,store_credit,14.0,10.814855
494,4.0,Widget,2939.0,4321,1.0,1001,2023-01-14,store_credit,14.0,34.47014
495,4.0,Gadget,2939.0,3248,1.0,1002,2023-01-14,store_credit,14.0,30.284117
496,3.0,Doohickey,2939.0,4906,1.0,1003,2023-01-14,store_credit,14.0,79.61111
497,7.0,Widget,2939.0,6175,1.0,1001,2023-01-14,store_credit,14.0,28.962694
498,7.0,Gadget,,8584,1.0,1002,2023-01-14,store_credit,14.0,19.67593
499,4.0,Doohickey,2939.0,3705,1.0,1003,2023-01-14,store_credit,14.0,22.647467
500,8.0,Doohickey,2939.0,2448,1.0,1003,2023-01-14,store_credit,14.0,86.02708
501,2.0,Thingamajig,,3839,1.0,1004,2023-01-14,store_credit,14.0,49.51238
502,1.0,,2939.0,6348,1.0,1002,2023-01-14,store_credit,14.0,24.798359
503,6.0,Thingamajig,2939.0,3088,1.0,1004,,store_credit,14.0,27.734169
504,9.0,Widget,2939.0,4598,1.0,1001,2023-01-14,store_credit,14.0,10.222766
505,1.0,,2939.0,3310,1.0,1001,,store_credit,14.0,44.316437
506,2.0,Widget,2939.0,9871,1.0,1001,2023-01-14,store_credit,14.0,8.847529
507,5.0,Gadget,2939.0,5612,1.0,1002,2023-01-14,store_credit,14.0,58.19779
508,8.0,,2939.0,7491,1.0,,2023-01-14,store_credit,14.0,36.46913
509,1.0,Widget,2939.0,5682,1.0,1001,2023-01-14,store_credit,14.0,198.38585
510,4.0,Doohickey,2939.0,1094,1.0,1003,2023-01-14,store_credit,14.0,14.510875
511,7.0,Widget,2939.0,3374,1.0,1001,2023-01-14,store_credit,14.0,30.661366
512,4.0,Widget,2939.0,8554,1.0,1001,2023-01-14,store_credit,14.0,127.57645
513,2.0,Widget,2939.0,5600,1.0,,2023-01-14,store_credit,14.0,80.926575
514,,Gadget,2939.0,7327,1.0,1002,2023-01-14,store_credit,14.0,19.645355
515,4.0,Widget,2939.0,7854,1.0,1001,2023-01-14,store_credit,14.0,39.172523
516,5.0,Widget,2939.0,6048,1.0,1001,2023-01-14,store_credit,14.0,33.165146
517,8.0,Widget,2939.0,6196,1.0,,2023-01-14,store_credit,14.0,40.91378
518,,Doohickey,2939.0,3124,1.0,,2023-01-14,store_credit,14.0,19.60902
519,7.0,Whatsit,2939.0,3243,1.0,1005,2023-01-14,store_credit,14.0,30.969711
520,9.0,Gadget,2939.0,2343,1.0,1002,2023-01-14,store_credit,14.0,9.988763
521,4.0,Doohickey,2939.0,3678,1.0,1003,2023-01-14,store_credit,14.0,36.647404
522,4.0,Thingamajig,2939.0,6654,1.0,1004,,store_credit,14.0,46.410027
523,9.0,Whatsit,2939.0,9354,1.0,1005,2023-01-14,store_credit,14.0,27.922573
524,3.0,Doohickey,2939.0,4959,1.0,1003,2023-01-14,store_credit,14.0,9.862226
525,7.0,Thingamajig,2939.0,6417,1.0,1004,2023-01-14,store_credit,14.0,69.50501
526,7.0,Whatsit,2939.0,8753,1.0,1005,2023-01-14,store_credit,14.0,43.52754
527,1.0,Doohickey,2939.0,7095,1.0,1003,2023-01-14,store_credit,14.0,19.21111
528,5.0,Gadget,2939.0,3361,1.0,,2023-01-14,store_credit,14.0,26.830778
529,2.0,Widget,2939.0,3530,1.0,1001,2023-01-14,store_credit,14.0,10.745617
530,2.0,Widget,2939.0,6737,1.0,1001,2023-01-14,store_credit,14.0,15.347343
531,5.0,Gadget,2939.0,3590,1.0,1002,2023-01-14,store_credit,14.0,22.123524
532,3.0,Gadget,2939.0,3239,1.0,1002,2023-01-14,store_credit,14.0,83.20568
533,8.0,Gadget,2939.0,6326,1.0,1002,,store_credit,14.0,20.498926
534,9.0,Gadget,2939.0,6726,1.0,1002,2023-01-14,store_credit,14.0,53.52561
535,8.0,Gadget,2939.0,3279,1.0,1002,2023-01-14,store_credit,14.0,22.115149
536,,Thingamajig,2939.0,1435,1.0,1004,2023-01-14,store_credit,14.0,39.88342
537,3.0,Widget,2939.0,7912,1.0,1001,2023-01-14,store_credit,14.0,29.783464
538,3.0,Widget,2939.0,4524,1.0,1001,2023-01-14,store_credit,14.0,63.738735
539,2.0,Doohickey,2939.0,6696,1.0,1003,2023-01-14,store_credit,14.0,22.173359
540,9.0,Thingamajig,2939.0,2553,1.0,1004,2023-01-14,store_credit,14.0,10.18182
541,,,2939.0,3829,1.0,1005,2023-01-14,store_credit,14.0,11.746299
542,3.0,Thingamajig,,6452,1.0,1004,2023-01-14,store_credit,14.0,22.222202
543,8.0,Thingamajig,2939.0,2116,1.0,1004,2023-01-14,store_credit,14.0,12.977344
544,4.0,Widget,2939.0,3850,1.0,1001,2023-01-14,store_credit,14.0,45.044865
545,1.0,Gadget,2939.0,7469,1.0,1002,2023-01-14,store_credit,14.0,23.351795
546,2.0,Widget,2939.0,7943,1.0,1001,,store_credit,14.0,196.55748
547,6.0,Doohickey,2939.0,4176,1.0,1003,2023-01-14,store_credit,14.0,8.995406
548,8.0,Whatsit,2939.0,2031,1.0,1005,2023-01-14,store_credit,14.0,38.579647
549,9.0,Gadget,7695.0,1234,2.0,1002,2023-01-15,cash,15.0,25.9072
550,3.0,Gadget,7695.0,6005,2.0,1002,2023-01-15,cash,15.0,29.634691
551,6.0,Gadget,,7241,2.0,1002,2023-01-15,cash,,21.701826
552,3.0,Doohickey,7695.0,6342,2.0,1003,2023-01-15,cash,15.0,23.753761
553,5.0,Widget,7695.0,4646,2.0,1001,2023-01-15,cash,15.0,32.14382
554,6.0,Thingamajig,7695.0,1198,2.0,1004,2023-01-15,cash,15.0,46.147415
555,,Thingamajig,7695.0,3035,,1004,2023-01-15,cash,15.0,26.355577
556,,,7695.0,1323,2.0,1001,2023-01-15,cash,15.0,24.355637
557,2.0,Gadget,7695.0,5159,,1002,2023-01-15,cash,15.0,35.490517
558,7.0,Widget,7695.0,3773,2.0,1001,2023-01-15,,15.0,7.840582
559,7.0,Whatsit,7695.0,1638,2.0,1005,2023-01-15,cash,,47.35992
560,7.0,Whatsit,7695.0,6481,2.0,1005,2023-01-15,cash,15.0,33.10147
561,1.0,Whatsit,7695.0,4332,2.0,1005,2023-01-15,cash,15.0,34.116123
562,5.0,Widget,7695.0,9662,2.0,1001,2023-01-15,cash,15.0,68.07096
563,4.0,Widget,7695.0,4756,2.0,1001,2023-01-15,cash,,7.6552243
564,1.0,Widget,7695.0,1816,,1001,2023-01-15,cash,15.0,
565,3.0,Widget,7695.0,7344,2.0,1001,2023-01-15,cash,15.0,40.664394
566,4.0,Widget,7695.0,7327,2.0,1001,2023-01-15,cash,15.0,32.939163
567,7.0,Widget,7695.0,9362,2.0,1001,2023-01-15,cash,15.0,37.623646
568,3.0,Whatsit,7695.0,7233,2.0,1005,,cash,15.0,23.415651
569,8.0,Widget,7695.0,4255,2.0,1001,2023-01-15,cash,15.0,54.503517
570,5.0,Widget,7695.0,7024,2.0,1001,2023-01-15,cash,15.0,66.6516
571,7.0,Thingamajig,7695.0,8182,2.0,1004,2023-01-15,cash,15.0,47.60733
572,,Gadget,,5644,2.0,1002,2023-01-15,cash,15.0,27.231617
573,5.0,Doohickey,7695.0,8151,2.0,1003,2023-01-15,cash,15.0,6.8157287
574,6.0,Doohickey,7695.0,9700,2.0,1003,2023-01-15,cash,15.0,58.964005
575,9.0,Thingamajig,7695.0,7792,2.0,,2023-01-15,cash,15.0,82.78911
576,5.0,Doohickey,7695.0,5515,2.0,1003,2023-01-15,cash,15.0,53.700314
577,5.0,,7695.0,5435,2.0,1002,2023-01-15,cash,15.0,17.120356
578,6.0,Doohickey,7695.0,8543,2.0,1003,2023-01-15,cash,15.0,54.8908
579,7.0,Gadget,7695.0,8855,2.0,1002,2023-01-15,cash,15.0,63.142704
580,1.0,Widget,7695.0,3362,2.0,1001,2023-01-15,cash,15.0,106.60306
581,5.0,Gadget,7695.0,1088,2.0,1002,2023-01-15,cash,15.0,17.165775
582,5.0,Widget,7695.0,8255,2.0,1001,2023-01-15,cash,,27.942785
583,9.0,Doohickey,7695.0,3124,2.0,1003,2023-01-15,cash,15.0,58.00064
584,5.0,Widget,7695.0,9967,2.0,1001,2023-01-15,cash,15.0,34.572464
585,5.0,Widget,7695.0,1325,2.0,1001,2023-01-15,cash,15.0,14.324972
586,9.0,Widget,7695.0,9189,2.0,1001,2023-01-15,cash,15.0,45.193905
587,5.0,Thingamajig,7695.0,7102,2.0,1004,2023-01-15,cash,15.0,51.11082
588,2.0,Widget,7695.0,3736,,1001,2023-01-15,cash,15.0,35.373825
589,2.0,Doohickey,7695.0,1313,2.0,1003,,cash,15.0,
590,1.0,Thingamajig,7695.0,8614,2.0,1004,2023-01-15,cash,15.0,27.275002
591,1.0,Widget,7695.0,2074,2.0,1001,2023-01-15,cash,15.0,100.35453
592,4.0,Doohickey,7695.0,1857,2.0,1003,2023-01-15,cash,15.0,16.852194
593,7.0,Widget,7695.0,8109,2.0,1001,2023-01-15,cash,15.0,21.317097
594,,Widget,7695.0,7098,2.0,1001,2023-01-15,cash,15.0,33.389423
595,1.0,,7695.0,2146,2.0,1003,2023-01-15,cash,15.0,64.02128
596,9.0,Gadget,7833.0,4078,1.0,1002,2023-01-16,credit_card,,96.21447
597,1.0,Widget,7833.0,6997,,1001,2023-01-16,credit_card,16.0,23.509216
598,2.0,Widget,7833.0,6927,1.0,1001,2023-01-16,credit_card,16.0,35.73339
599,9.0,Widget,7833.0,4259,1.0,1001,2023-01-16,credit_card,16.0,7.3454437
600,5.0,Doohickey,7833.0,4709,1.0,1003,2023-01-16,credit_card,16.0,40.449413
601,2.0,Widget,7833.0,1716,1.0,1001,2023-01-16,credit_card,16.0,14.914445
602,2.0,Widget,7833.0,1081,1.0,1001,2023-01-16,credit_card,16.0,38.464134
603,,Widget,7833.0,9706,1.0,1001,2023-01-16,credit_card,16.0,10.268673
604,7.0,Gadget,7833.0,3081,,1002,2023-01-16,credit_card,16.0,49.756626
605,6.0,Widget,7833.0,9343,1.0,1001,2023-01-16,credit_card,16.0,71.40619
606,9.0,Thingamajig,7833.0,1381,1.0,1004,2023-01-16,credit_card,16.0,18.404867
607,5.0,,7833.0,9907,1.0,1001,2023-01-16,credit_card,16.0,14.115988
608,3.0,Doohickey,7833.0,4845,1.0,1003,2023-01-16,,16.0,6.5730815
609,5.0,Gadget,7833.0,8254,1.0,1002,2023-01-16,credit_card,16.0,27.117786
610,4.0,Gadget,7833.0,8559,1.0,1002,2023-01-16,credit_card,16.0,21.408854
611,3.0,Widget,7833.0,4167,1.0,1001,2023-01-16,credit_card,16.0,10.347402
612,1.0,Thingamajig,7833.0,7641,1.0,1004,2023-01-16,credit_card,16.0,46.5145
613,7.0,Whatsit,2811.0,4006,5.0,1005,2023-01-17,credit_card,17.0,44.39131
614,4.0,Widget,2811.0,8099,5.0,1001,2023-01-17,credit_card,17.0,49.8487
615,1.0,Whatsit,2811.0,9630,5.0,1005,2023-01-17,credit_card,17.0,39.399193
616,5.0,Whatsit,2811.0,8263,5.0,,2023-01-17,credit_card,17.0,68.29782
617,7.0,Widget,2811.0,7550,5.0,1001,2023-01-17,credit_card,17.0,35.3713
618,3.0,Doohickey,2811.0,4347,5.0,1003,2023-01-17,credit_card,17.0,44.434143
619,4.0,Whatsit,2811.0,1978,5.0,1005,2023-01-17,credit_card,17.0,41.590763
620,8.0,Whatsit,2811.0,5553,5.0,,2023-01-17,credit_card,,30.9182
621,5.0,Whatsit,2811.0,2167,5.0,1005,2023-01-17,credit_card,17.0,22.239803
622,8.0,,2811.0,5575,5.0,1002,2023-01-17,credit_card,17.0,174.2715
623,5.0,,2811.0,8820,5.0,1001,2023-01-17,credit_card,17.0,23.595045
624,9.0,Thingamajig,2811.0,2018,,1004,2023-01-17,credit_card,17.0,20.097425
625,6.0,Doohickey,2811.0,9107,5.0,1003,2023-01-17,credit_card,17.0,45.85606
626,2.0,Doohickey,2811.0,6382,5.0,1003,2023-01-17,credit_card,17.0,40.000454
627,8.0,Gadget,2811.0,1422,5.0,1002,2023-01-17,credit_card,17.0,11.546777
628,5.0,,2811.0,7480,5.0,1002,2023-01-17,credit_card,17.0,76.86178
629,2.0,Widget,2811.0,1000,5.0,1001,2023-01-17,credit_card,17.0,30.856705
630,2.0,Doohickey,2811.0,6498,5.0,1003,2023-01-17,credit_card,17.0,14.393859
631,,Widget,2811.0,5566,5.0,1001,2023-01-17,credit_card,17.0,80.768585
632,1.0,Doohickey,2811.0,7712,,1003,2023-01-17,credit_card,17.0,52.94516
633,3.0,Thingamajig,2811.0,4385,5.0,1004,2023-01-17,credit_card,17.0,12.827528
634,2.0,Gadget,2811.0,2069,5.0,1002,2023-01-17,credit_card,17.0,125.57298
635,4.0,Gadget,2811.0,4483,5.0,1002,2023-01-17,credit_card,,54.276863
636,4.0,Widget,2811.0,7851,5.0,1001,2023-01-17,credit_card,17.0,32.863182
637,5.0,Whatsit,2811.0,9582,5.0,1005,2023-01-17,credit_card,,109.14356
638,3.0,Doohickey,2811.0,2873,5.0,1003,2023-01-17,credit_card,17.0,37.31791
639,1.0,Widget,2811.0,4162,5.0,1001,2023-01-17,credit_card,17.0,32.42526
640,6.0,Widget,2811.0,8890,5.0,1001,2023-01-17,credit_card,17.0,20.181673
641,,Widget,2811.0,3816,5.0,1001,2023-01-17,credit_card,17.0,51.233204
642,,Gadget,2811.0,3204,5.0,1002,2023-01-17,credit_card,17.0,47.344574
643,1.0,Whatsit,2811.0,8482,5.0,1005,2023-01-17,credit_card,17.0,33.48207
644,1.0,Doohickey,2811.0,5427,5.0,1003,2023-01-17,,,18.311152
645,3.0,Widget,2811.0,6248,5.0,1001,2023-01-17,credit_card,17.0,36.504932
646,5.0,Thingamajig,2811.0,5384,5.0,1004,2023-01-17,credit_card,17.0,31.426481
647,,,2811.0,6424,,1001,2023-01-17,credit_card,17.0,12.181206
648,8.0,Thingamajig,2811.0,3419,5.0,1004,2023-01-17,credit_card,17.0,10.980717
649,4.0,Widget,2811.0,7586,5.0,1001,2023-01-17,credit_card,17.0,50.595623
650,5.0,Doohickey,,4255,5.0,,2023-01-17,credit_card,17.0,4.7048025
651,6.0,Whatsit,2811.0,5711,5.0,1005,2023-01-17,credit_card,17.0,38.63111
652,1.0,Widget,2811.0,2670,5.0,1001,2023-01-17,credit_card,17.0,23.137108
653,5.0,Doohickey,2811.0,1101,5.0,1003,2023-01-17,credit_card,17.0,88.33929
654,4.0,Whatsit,2811.0,6130,5.0,1005,2023-01-17,credit_card,17.0,22.871666
655,4.0,Widget,2811.0,2248,5.0,1001,2023-01-17,credit_card,17.0,54.30483
656,1.0,Widget,2811.0,9216,,1001,2023-01-17,credit_card,17.0,24.58938
657,7.0,Doohickey,2631.0,9632,2.0,1003,2023-01-18,cash,18.0,
658,2.0,,2631.0,3849,2.0,1001,2023-01-18,cash,18.0,25.620308
659,8.0,Widget,2631.0,3599,2.0,1001,2023-01-18,cash,18.0,11.528409
660,9.0,Widget,2631.0,5572,2.0,1001,2023-01-18,cash,18.0,7.513401
661,6.0,Doohickey,2631.0,2836,2.0,,2023-01-18,cash,18.0,27.21664
662,7.0,Gadget,2631.0,8756,2.0,1002,2023-01-18,cash,18.0,34.54879
663,7.0,Widget,,1917,,1001,2023-01-18,cash,18.0,12.62151
664,9.0,Thingamajig,2631.0,5072,2.0,1004,2023-01-18,cash,18.0,32.270187
665,4.0,Gadget,2631.0,2700,2.0,1002,2023-01-18,cash,18.0,34.477757
666,2.0,Widget,2631.0,8480,2.0,1001,2023-01-18,cash,18.0,6.5731554
667,5.0,Whatsit,2631.0,2298,2.0,1005,2023-01-18,cash,18.0,16.670763
668,5.0,Widget,2631.0,5017,2.0,1001,2023-01-18,cash,18.0,44.945377
669,2.0,Widget,2631.0,8501,2.0,1001,2023-01-18,cash,18.0,44.269417
670,6.0,Gadget,2631.0,4961,2.0,1002,2023-01-18,cash,18.0,13.939741
671,1.0,Widget,2631.0,2660,2.0,1001,2023-01-18,cash,18.0,37.294132
672,9.0,Widget,2631.0,2415,2.0,1001,2023-01-18,cash,18.0,71.29352
673,9.0,Doohickey,3830.0,6442,2.0,1003,2023-01-19,credit_card,19.0,33.46244
674,9.0,Doohickey,3830.0,2124,,1003,2023-01-19,credit_card,19.0,33.39674
675,2.0,Thingamajig,3830.0,4197,2.0,1004,2023-01-19,credit_card,19.0,30.767065
676,3.0,Thingamajig,3830.0,6502,2.0,1004,2023-01-19,credit_card,19.0,20.349428
677,6.0,,3830.0,4415,2.0,1002,2023-01-19,credit_card,19.0,10.868063
678,7.0,Doohickey,3830.0,8445,2.0,1003,2023-01-19,credit_card,19.0,35.49918
679,4.0,Thingamajig,3830.0,7189,2.0,1004,2023-01-19,credit_card,19.0,18.610636
680,2.0,Widget,3830.0,2218,2.0,1001,2023-01-19,credit_card,19.0,35.321617
681,1.0,Whatsit,3830.0,8353,2.0,,2023-01-19,credit_card,19.0,18.255518
682,9.0,Widget,3830.0,9189,2.0,1001,2023-01-19,credit_card,19.0,14.516069
683,5.0,Whatsit,,2820,2.0,1005,2023-01-19,credit_card,19.0,39.47722
684,8.0,Doohickey,3830.0,4229,2.0,1003,2023-01-19,credit_card,19.0,37.084206
685,5.0,Widget,3830.0,4556,2.0,1001,2023-01-19,,19.0,51.134605
686,9.0,Doohickey,3830.0,4826,2.0,1003,2023-01-19,credit_card,19.0,170.61299
687,,Widget,,5173,2.0,1001,2023-01-19,credit_card,19.0,40.77084
688,2.0,Doohickey,3830.0,9049,2.0,1003,2023-01-19,credit_card,19.0,47.646603
689,9.0,Doohickey,3830.0,6861,,1003,2023-01-19,credit_card,19.0,14.758645
690,9.0,Doohickey,3830.0,9065,2.0,1003,2023-01-19,credit_card,19.0,12.614153
691,3.0,Thingamajig,3830.0,4154,2.0,1004,2023-01-19,credit_card,19.0,108.54036
692,4.0,Widget,,5723,2.0,1001,2023-01-19,credit_card,,16.566626
693,5.0,Widget,,1957,2.0,1001,2023-01-19,credit_card,19.0,15.135485
694,4.0,Gadget,3830.0,3490,2.0,1002,2023-01-19,credit_card,19.0,32.158466
695,2.0,Widget,3830.0,6255,2.0,1001,2023-01-19,,19.0,30.949465
696,9.0,Gadget,3830.0,2547,2.0,1002,,credit_card,19.0,16.829279
697,3.0,,3830.0,9641,2.0,1001,2023-01-19,credit_card,19.0,26.344778
698,7.0,Widget,3830.0,3443,2.0,1001,2023-01-19,credit_card,19.0,83.26529
699,1.0,Gadget,3830.0,2453,2.0,1002,,credit_card,19.0,18.092632
700,1.0,Thingamajig,3830.0,8024,2.0,1004,2023-01-19,credit_card,19.0,11.643472
701,6.0,Widget,3830.0,1810,2.0,1001,2023-01-19,credit_card,19.0,67.15109
702,4.0,Thingamajig,3830.0,3920,2.0,1004,2023-01-19,credit_card,19.0,47.905132
703,6.0,,3830.0,2788,2.0,1002,2023-01-19,credit_card,19.0,20.792889
704,1.0,Widget,3830.0,7250,2.0,1001,2023-01-19,credit_card,19.0,10.10848
705,,Gadget,,8587,2.0,1002,2023-01-19,credit_card,19.0,18.944857
706,7.0,Gadget,3830.0,2756,2.0,1002,2023-01-19,credit_card,19.0,
707,8.0,Widget,3830.0,4743,2.0,1001,2023-01-19,credit_card,19.0,79.38061
708,2.0,Gadget,3830.0,5306,2.0,1002,2023-01-19,credit_card,19.0,15.219287
709,3.0,Widget,3830.0,7217,2.0,1001,2023-01-19,credit_card,19.0,31.081417
710,4.0,Widget,3830.0,4168,2.0,1001,2023-01-19,credit_card,19.0,
711,5.0,Gadget,3830.0,5706,2.0,1002,2023-01-19,credit_card,19.0,5.5513964
712,3.0,Gadget,3830.0,5532,2.0,1002,2023-01-19,credit_card,19.0,71.90456
713,1.0,Thingamajig,3830.0,1102,2.0,1004,2023-01-19,credit_card,19.0,13.64212
714,4.0,Widget,3830.0,6128,2.0,1001,2023-01-19,credit_card,19.0,42.47844
715,3.0,Whatsit,3830.0,6110,,1005,2023-01-19,credit_card,19.0,39.845615
716,4.0,Doohickey,3830.0,9917,2.0,1003,2023-01-19,credit_card,19.0,74.69699
717,,Whatsit,3830.0,5589,2.0,1005,2023-01-19,credit_card,19.0,50.058548
718,3.0,Thingamajig,3830.0,9098,2.0,1004,2023-01-19,credit_card,19.0,
719,6.0,Widget,3830.0,4141,2.0,1001,2023-01-19,credit_card,19.0,18.382803
720,4.0,Gadget,3830.0,7262,2.0,1002,2023-01-19,credit_card,19.0,36.732204
721,4.0,Widget,3830.0,9114,2.0,1001,,,19.0,28.61025
722,5.0,Thingamajig,3830.0,2383,2.0,1004,2023-01-19,credit_card,19.0,47.38037
723,7.0,Gadget,3830.0,6102,2.0,,2023-01-19,credit_card,19.0,59.86098
724,4.0,Widget,3830.0,9270,2.0,1001,2023-01-19,credit_card,19.0,52.26562
725,6.0,Whatsit,3830.0,6003,2.0,1005,2023-01-19,credit_card,19.0,28.199205
726,9.0,Widget,3830.0,9032,2.0,1001,2023-01-19,credit_card,19.0,8.2916355
727,5.0,Gadget,3830.0,4778,2.0,1002,2023-01-19,credit_card,19.0,23.532656
728,9.0,Doohickey,3830.0,8979,2.0,1003,2023-01-19,credit_card,19.0,45.253323
729,8.0,Widget,3830.0,6658,2.0,1001,2023-01-19,credit_card,19.0,
730,,Gadget,3830.0,5310,2.0,1002,2023-01-19,credit_card,19.0,53.167965
731,,Thingamajig,3830.0,2934,2.0,1004,2023-01-19,credit_card,19.0,65.450554
732,7.0,Widget,3830.0,2536,2.0,1001,2023-01-19,credit_card,19.0,36.421173
733,9.0,Gadget,3830.0,3598,2.0,1002,2023-01-19,credit_card,19.0,3.3273132
734,5.0,Widget,3830.0,7788,2.0,1001,2023-01-19,credit_card,19.0,12.697864
735,1.0,Doohickey,3830.0,5211,2.0,1003,,credit_card,19.0,136.2705
736,6.0,Widget,,4496,,1001,2023-01-19,credit_card,19.0,21.979202
737,,Widget,8440.0,5200,1.0,1001,2023-01-20,credit_card,20.0,19.710918
738,3.0,Gadget,8440.0,4100,1.0,1002,2023-01-20,credit_card,20.0,102.158134
739,4.0,Doohickey,8440.0,8263,1.0,1003,2023-01-20,credit_card,20.0,58.095764
740,4.0,Thingamajig,8440.0,4516,1.0,1004,2023-01-20,credit_card,20.0,53.982258
741,5.0,Widget,8440.0,5248,1.0,,2023-01-20,credit_card,20.0,52.783623
742,5.0,Gadget,8440.0,6031,1.0,1002,2023-01-20,credit_card,20.0,32.20311
743,,Widget,8440.0,6816,1.0,1001,2023-01-20,credit_card,20.0,38.404213
744,3.0,Widget,8440.0,4001,,1001,2023-01-20,credit_card,20.0,
745,3.0,Widget,8440.0,1659,1.0,1001,2023-01-20,credit_card,20.0,6.4248195
746,4.0,Doohickey,8440.0,7208,1.0,1003,2023-01-20,credit_card,20.0,37.060837
747,2.0,Widget,8440.0,6039,1.0,1001,2023-01-20,credit_card,20.0,42.224167
748,8.0,Doohickey,8440.0,6828,1.0,1003,2023-01-20,credit_card,20.0,82.01879
749,6.0,Widget,8440.0,5891,1.0,1001,2023-01-20,credit_card,20.0,107.60874
750,2.0,Thingamajig,8440.0,5579,1.0,1004,2023-01-20,credit_card,20.0,107.50086
751,7.0,Thingamajig,8440.0,9536,1.0,1004,2023-01-20,credit_card,20.0,15.665836
752,8.0,Widget,8440.0,1485,1.0,,2023-01-20,credit_card,20.0,25.426737
753,3.0,,8440.0,1830,1.0,1001,2023-01-20,credit_card,20.0,47.477253
754,2.0,Widget,8440.0,9427,1.0,1001,2023-01-20,credit_card,,221.16931
755,1.0,Thingamajig,8440.0,8980,1.0,1004,2023-01-20,credit_card,20.0,100.49162
756,1.0,Widget,8440.0,4704,1.0,1001,2023-01-20,credit_card,20.0,76.67287
757,7.0,Gadget,8440.0,5865,,1002,2023-01-20,credit_card,20.0,24.758257
758,9.0,Gadget,8440.0,5044,,1002,2023-01-20,credit_card,20.0,17.074741
759,1.0,Doohickey,8440.0,9973,1.0,1003,2023-01-20,credit_card,20.0,
760,7.0,Gadget,8440.0,5103,1.0,1002,,credit_card,20.0,14.505155
761,1.0,Gadget,8440.0,7838,1.0,1002,,,20.0,27.692808
762,6.0,Whatsit,8440.0,4284,1.0,1005,2023-01-20,credit_card,20.0,30.384012
763,7.0,,8440.0,4431,1.0,1001,,credit_card,20.0,109.36425
764,4.0,Thingamajig,8440.0,7070,1.0,1004,2023-01-20,credit_card,20.0,25.380394
765,1.0,Widget,8440.0,4591,1.0,1001,2023-01-20,credit_card,20.0,5.3151584
766,6.0,Gadget,8440.0,1125,1.0,1002,2023-01-20,credit_card,20.0,48.343582
767,9.0,Thingamajig,8440.0,2556,1.0,1004,2023-01-20,credit_card,20.0,19.604
768,3.0,Doohickey,8440.0,8860,1.0,1003,2023-01-20,credit_card,20.0,34.19137
769,1.0,Widget,6275.0,4301,3.0,1001,2023-01-21,credit_card,21.0,40.744087
770,6.0,Doohickey,6275.0,1921,3.0,1003,2023-01-21,credit_card,21.0,69.87127
771,2.0,Whatsit,6275.0,9451,3.0,1005,2023-01-21,credit_card,21.0,30.045048
772,7.0,Gadget,6275.0,9996,3.0,1002,2023-01-21,credit_card,,34.903423
773,8.0,Doohickey,6275.0,5496,3.0,1003,2023-01-21,credit_card,21.0,50.824604
774,,Gadget,,6652,3.0,1002,2023-01-21,credit_card,21.0,15.979169
775,,Doohickey,6275.0,7793,,1003,2023-01-21,credit_card,21.0,57.67186
776,4.0,Whatsit,6275.0,1596,3.0,1005,2023-01-21,credit_card,21.0,61.222046
777,5.0,Widget,6275.0,3669,3.0,1001,2023-01-21,credit_card,21.0,233.39206
778,8.0,Widget,6275.0,6061,3.0,1001,2023-01-21,credit_card,21.0,24.976162
779,7.0,Gadget,6275.0,5947,3.0,1002,2023-01-21,credit_card,21.0,23.486801
780,5.0,Gadget,,3981,3.0,1002,2023-01-21,credit_card,21.0,58.95205
781,4.0,Gadget,6275.0,1014,3.0,1002,2023-01-21,credit_card,21.0,61.211075
782,1.0,Widget,6275.0,9576,3.0,1001,2023-01-21,credit_card,21.0,22.168772
783,2.0,Gadget,6275.0,6529,3.0,1002,2023-01-21,credit_card,21.0,24.474407
784,2.0,Gadget,6275.0,7798,,,2023-01-21,credit_card,21.0,49.692207
785,,Gadget,6275.0,4935,3.0,1002,2023-01-21,credit_card,21.0,17.802017
786,9.0,Doohickey,6275.0,5562,3.0,1003,2023-01-21,credit_card,21.0,24.339476
787,5.0,Doohickey,6275.0,5000,3.0,1003,2023-01-21,credit_card,21.0,35.417095
788,3.0,Doohickey,6275.0,4867,3.0,1003,2023-01-21,,21.0,69.8922
789,1.0,Doohickey,6275.0,7035,3.0,1003,2023-01-21,credit_card,21.0,21.042645
790,4.0,Doohickey,6275.0,9961,3.0,1003,2023-01-21,credit_card,21.0,8.316252
791,8.0,,6275.0,7995,3.0,1002,2023-01-21,credit_card,21.0,7.8660173
792,4.0,Doohickey,6275.0,7005,3.0,1003,2023-01-21,,21.0,12.876966
793,7.0,Widget,6275.0,1108,3.0,1001,2023-01-21,credit_card,21.0,12.368145
794,8.0,Widget,6275.0,5624,3.0,1001,2023-01-21,credit_card,21.0,29.489725
795,1.0,Gadget,6275.0,9600,3.0,1002,2023-01-21,credit_card,21.0,13.576493
796,6.0,Thingamajig,,4581,3.0,1004,2023-01-21,credit_card,21.0,19.549189
797,9.0,Doohickey,6275.0,5944,3.0,1003,2023-01-21,credit_card,21.0,18.530825
798,5.0,,6634.0,3920,1.0,1005,2023-01-22,credit_card,22.0,65.2969
799,4.0,Widget,6634.0,2720,1.0,1001,2023-01-22,credit_card,22.0,26.302256
800,9.0,Whatsit,6634.0,7348,1.0,1005,2023-01-22,credit_card,22.0,21.092222
801,,Whatsit,6634.0,3821,1.0,1005,2023-01-22,credit_card,22.0,119.11337
802,3.0,Thingamajig,6634.0,6290,1.0,1004,2023-01-22,credit_card,22.0,38.94512
803,,Doohickey,6634.0,6341,1.0,1003,2023-01-22,,22.0,60.56156
804,5.0,Doohickey,6634.0,8632,1.0,1003,2023-01-22,credit_card,22.0,36.335857
805,5.0,Doohickey,6634.0,9441,1.0,1003,2023-01-22,credit_card,22.0,21.329973
806,6.0,Doohickey,6634.0,5981,1.0,1003,2023-01-22,credit_card,22.0,33.389355
807,9.0,Widget,6634.0,1453,1.0,1001,2023-01-22,credit_card,22.0,97.221855
808,,Whatsit,6634.0,6240,1.0,1005,2023-01-22,credit_card,22.0,50.22084
809,7.0,Gadget,6634.0,8960,1.0,1002,2023-01-22,credit_card,22.0,9.174199
810,1.0,Doohickey,6634.0,5295,1.0,1003,2023-01-22,credit_card,22.0,28.178707
811,3.0,Widget,6634.0,6081,1.0,1001,2023-01-22,credit_card,22.0,126.05525
812,5.0,Widget,6634.0,7862,1.0,1001,2023-01-22,credit_card,22.0,28.209318
813,1.0,Gadget,6634.0,4950,1.0,1002,2023-01-22,credit_card,22.0,8.581777
814,6.0,Gadget,6634.0,4734,1.0,1002,2023-01-22,credit_card,22.0,136.97339
815,7.0,Gadget,6634.0,5338,1.0,1002,2023-01-22,,22.0,55.245914
816,7.0,Widget,6634.0,8666,1.0,1001,2023-01-22,credit_card,22.0,31.421436
817,5.0,Widget,6634.0,5391,1.0,1001,2023-01-22,credit_card,22.0,25.064104
818,5.0,Doohickey,4620.0,3943,1.0,1003,2023-01-23,credit_card,23.0,94.57114
819,6.0,Thingamajig,4620.0,6369,1.0,1004,2023-01-23,credit_card,23.0,67.74572
820,5.0,Doohickey,4620.0,7232,1.0,1003,2023-01-23,credit_card,23.0,48.01218
821,5.0,Widget,4620.0,9213,1.0,1001,2023-01-23,credit_card,23.0,36.937332
822,8.0,Widget,4620.0,9035,,1001,2023-01-23,credit_card,23.0,44.47478
823,7.0,,4620.0,8048,1.0,1005,2023-01-23,credit_card,23.0,17.348625
824,4.0,Widget,4620.0,7920,1.0,1001,2023-01-23,credit_card,23.0,62.985703
825,8.0,Gadget,4620.0,5043,1.0,1002,2023-01-23,credit_card,23.0,14.381847
826,8.0,Whatsit,4620.0,4083,1.0,1005,2023-01-23,credit_card,23.0,61.96271
827,2.0,Whatsit,4620.0,6064,1.0,1005,2023-01-23,credit_card,23.0,80.60873
828,6.0,Gadget,4620.0,7356,1.0,1002,2023-01-23,credit_card,23.0,38.789455
829,3.0,Doohickey,4620.0,5665,1.0,1003,2023-01-23,credit_card,23.0,29.01579
830,7.0,Gadget,4620.0,2862,,,2023-01-23,credit_card,23.0,44.711575
831,3.0,Doohickey,4620.0,1132,1.0,1003,2023-01-23,credit_card,23.0,
832,,Widget,4620.0,1523,1.0,1001,2023-01-23,,23.0,41.54153
833,3.0,,4620.0,4835,1.0,1001,,credit_card,,30.416477
834,5.0,Doohickey,4620.0,8121,1.0,1003,2023-01-23,credit_card,23.0,31.881596
835,9.0,Widget,4620.0,8108,1.0,1001,2023-01-23,credit_card,23.0,56.25525
836,4.0,Doohickey,4620.0,8271,1.0,1003,2023-01-23,credit_card,23.0,31.309555
837,,Widget,4620.0,7380,1.0,1001,2023-01-23,credit_card,23.0,14.081261
838,9.0,Thingamajig,4620.0,1206,1.0,1004,2023-01-23,credit_card,23.0,29.783304
839,,Thingamajig,4620.0,8949,1.0,1004,2023-01-23,credit_card,23.0,34.836533
840,2.0,Gadget,4620.0,9529,1.0,1002,2023-01-23,credit_card,23.0,36.096664
841,8.0,Doohickey,4620.0,8647,1.0,1003,2023-01-23,credit_card,23.0,37.391354
842,1.0,Widget,4620.0,5012,1.0,1001,2023-01-23,credit_card,23.0,72.20626
843,4.0,,4620.0,2931,1.0,1002,2023-01-23,credit_card,23.0,14.665153
844,8.0,Widget,,9146,1.0,1001,2023-01-23,credit_card,23.0,37.77983
845,7.0,Thingamajig,4620.0,2666,1.0,1004,2023-01-23,credit_card,23.0,87.13401
846,5.0,Thingamajig,4620.0,8092,1.0,1004,2023-01-23,credit_card,23.0,9.016366
847,4.0,Whatsit,4620.0,9688,1.0,,2023-01-23,credit_card,23.0,37.89181
848,8.0,Thingamajig,4620.0,9104,1.0,1004,2023-01-23,credit_card,23.0,21.348171
849,7.0,Whatsit,4620.0,5689,1.0,1005,2023-01-23,credit_card,23.0,25.077404
850,5.0,Widget,,8499,1.0,1001,2023-01-23,credit_card,23.0,16.80026
851,9.0,Whatsit,4620.0,8476,1.0,1005,2023-01-23,credit_card,23.0,29.161139
852,3.0,Gadget,4620.0,9764,1.0,1002,2023-01-23,credit_card,23.0,131.75468
853,2.0,Gadget,4620.0,4242,1.0,1002,2023-01-23,credit_card,23.0,12.828602
854,6.0,Gadget,4620.0,6661,1.0,1002,2023-01-23,credit_card,23.0,13.774135
855,9.0,Widget,4620.0,8353,1.0,1001,2023-01-23,credit_card,23.0,12.472785
856,3.0,Widget,4620.0,3045,1.0,1001,,credit_card,23.0,120.97256
857,3.0,Widget,4620.0,3029,1.0,1001,2023-01-23,credit_card,23.0,23.411919
858,2.0,Widget,4620.0,4505,1.0,1001,2023-01-23,credit_card,23.0,32.48475
859,8.0,Gadget,4620.0,4239,1.0,1002,2023-01-23,credit_card,23.0,24.481379
860,3.0,Thingamajig,4620.0,7766,,1004,2023-01-23,credit_card,23.0,16.308441
861,5.0,,4620.0,9421,,1003,2023-01-23,credit_card,23.0,27.761135
862,9.0,Gadget,4620.0,2412,1.0,1002,2023-01-23,credit_card,23.0,209.28201
863,1.0,Gadget,4620.0,3925,1.0,1002,2023-01-23,credit_card,23.0,94.07132
864,6.0,Gadget,4620.0,9367,1.0,1002,2023-01-23,credit_card,23.0,17.466707
865,5.0,Widget,4620.0,6351,1.0,1001,2023-01-23,credit_card,23.0,53.821907
866,8.0,Thingamajig,4620.0,2847,1.0,1004,2023-01-23,credit_card,23.0,17.74951
867,4.0,Widget,4620.0,6431,1.0,1001,2023-01-23,credit_card,23.0,8.738376
868,4.0,Doohickey,4620.0,8882,1.0,1003,,credit_card,23.0,71.13882
869,,Doohickey,4620.0,4364,1.0,1003,2023-01-23,credit_card,23.0,79.04913
870,7.0,Gadget,4620.0,5353,1.0,1002,2023-01-23,credit_card,23.0,72.5691
871,8.0,Thingamajig,4620.0,6521,1.0,1004,2023-01-23,credit_card,23.0,
872,2.0,Widget,4620.0,8564,1.0,1001,2023-01-23,credit_card,23.0,29.221893
873,4.0,Thingamajig,4620.0,6080,1.0,1004,2023-01-23,credit_card,23.0,58.10921
874,9.0,Doohickey,4620.0,9623,1.0,1003,2023-01-23,credit_card,23.0,44.41699
875,1.0,Doohickey,4620.0,7793,1.0,1003,2023-01-23,credit_card,23.0,24.649878
876,3.0,Doohickey,4620.0,4798,1.0,1003,2023-01-23,credit_card,23.0,9.832529
877,5.0,Thingamajig,,5386,1.0,1004,2023-01-23,credit_card,23.0,36.068012
878,4.0,Whatsit,4620.0,7268,1.0,1005,2023-01-23,credit_card,23.0,74.385216
879,3.0,Gadget,4620.0,1635,1.0,1002,2023-01-23,credit_card,23.0,13.488113
880,5.0,Thingamajig,4620.0,3040,1.0,1004,2023-01-23,credit_card,23.0,
881,2.0,Doohickey,4620.0,3143,1.0,1003,2023-01-23,credit_card,23.0,42.463985
882,5.0,Gadget,,8206,1.0,1002,2023-01-23,credit_card,23.0,58.125893
883,7.0,Whatsit,4620.0,8401,,1005,2023-01-23,credit_card,23.0,63.687073
884,6.0,Widget,4620.0,8378,1.0,1001,2023-01-23,credit_card,23.0,19.67111
885,1.0,Gadget,4620.0,1948,1.0,1002,2023-01-23,credit_card,23.0,9.848119
886,8.0,Widget,4620.0,3656,1.0,1001,,credit_card,23.0,22.19485
887,2.0,Widget,4620.0,3808,1.0,1001,2023-01-23,credit_card,23.0,64.51163
888,7.0,Thingamajig,4620.0,1217,1.0,1004,2023-01-23,credit_card,23.0,22.054068
889,4.0,Widget,4620.0,3319,1.0,1001,2023-01-23,credit_card,23.0,19.677336
890,8.0,Widget,4620.0,4880,1.0,1001,2023-01-23,credit_card,23.0,
891,2.0,Widget,4620.0,8970,1.0,1001,2023-01-23,credit_card,23.0,123.28339
892,2.0,Gadget,4620.0,2529,1.0,1002,2023-01-23,credit_card,23.0,61.51526
893,5.0,Thingamajig,4620.0,8741,1.0,1004,2023-01-23,credit_card,23.0,58.993187
894,1.0,,4620.0,8366,1.0,1004,2023-01-23,credit_card,,68.42882
895,3.0,Widget,4620.0,2424,1.0,1001,2023-01-23,credit_card,23.0,51.036
896,7.0,,4620.0,3349,1.0,1002,2023-01-23,credit_card,23.0,27.570692
897,8.0,Gadget,4620.0,5123,,1002,2023-01-23,credit_card,23.0,29.287971
898,1.0,Doohickey,4620.0,9492,1.0,1003,2023-01-23,credit_card,23.0,
899,8.0,Gadget,4620.0,8064,1.0,1002,2023-01-23,credit_card,23.0,238.90251
900,8.0,Widget,4620.0,9745,1.0,1001,2023-01-23,credit_card,23.0,50.246155
901,,Widget,,3812,1.0,1001,2023-01-24,credit_card,,39.370007
902,2.0,Gadget,3207.0,9178,1.0,1002,2023-01-24,credit_card,24.0,81.22756
903,2.0,Widget,3207.0,9604,1.0,1001,2023-01-24,credit_card,24.0,35.04208
904,3.0,Widget,3207.0,6395,1.0,1001,,credit_card,24.0,29.197832
905,4.0,Doohickey,3207.0,2386,1.0,1003,2023-01-24,credit_card,,75.34279
906,5.0,Widget,3207.0,3406,1.0,1001,,credit_card,24.0,51.177345
907,1.0,Widget,3207.0,2158,1.0,1001,2023-01-24,credit_card,24.0,57.332066
908,2.0,Gadget,3207.0,8264,1.0,1002,,,24.0,20.116896
909,1.0,Thingamajig,3207.0,3817,1.0,1004,2023-01-24,credit_card,24.0,15.1205225
910,5.0,Widget,3207.0,7313,1.0,1001,2023-01-24,credit_card,24.0,21.63275
911,3.0,Doohickey,3207.0,3405,,1003,2023-01-24,credit_card,24.0,20.788168
912,5.0,Whatsit,3207.0,9793,1.0,1005,2023-01-24,credit_card,24.0,59.718952
913,2.0,Doohickey,3207.0,7961,,1003,,credit_card,24.0,68.85398
914,1.0,Gadget,3207.0,4394,1.0,1002,2023-01-24,credit_card,,29.478237
915,9.0,Doohickey,3207.0,5289,1.0,1003,2023-01-24,credit_card,24.0,
916,,Gadget,3207.0,1528,1.0,1002,2023-01-24,credit_card,24.0,92.4208
917,2.0,Gadget,3207.0,2230,1.0,1002,,credit_card,24.0,39.74759
918,2.0,Gadget,3207.0,9984,1.0,1002,2023-01-24,credit_card,24.0,17.878183
919,9.0,Widget,3207.0,8342,1.0,1001,2023-01-24,credit_card,24.0,107.935356
920,6.0,Widget,3207.0,8543,1.0,1001,2023-01-24,credit_card,24.0,31.634142
921,6.0,Gadget,3207.0,6790,1.0,1002,2023-01-24,credit_card,24.0,36.402008
922,9.0,Widget,3207.0,2993,1.0,1001,2023-01-24,credit_card,24.0,25.669313
923,1.0,,3207.0,1947,1.0,1002,2023-01-24,credit_card,24.0,16.99055
924,,Gadget,3207.0,7529,1.0,1002,2023-01-24,credit_card,24.0,11.006879
925,2.0,Whatsit,3207.0,3985,1.0,1005,2023-01-24,credit_card,,53.23155
926,6.0,Widget,3207.0,1006,1.0,1001,2023-01-24,credit_card,24.0,18.401814
927,4.0,Doohickey,3207.0,1202,1.0,1003,2023-01-24,credit_card,24.0,328.53665
928,4.0,Gadget,3207.0,6019,1.0,1002,2023-01-24,credit_card,24.0,14.664723
929,9.0,Widget,3207.0,8560,1.0,1001,2023-01-24,credit_card,24.0,12.896593
930,9.0,Gadget,,4265,4.0,1002,2023-01-25,credit_card,25.0,107.97937
931,8.0,Widget,7000.0,9997,4.0,1001,2023-01-25,credit_card,25.0,130.74066
932,9.0,Widget,7000.0,4431,4.0,1001,2023-01-25,credit_card,25.0,15.412516
933,,Widget,7000.0,7599,4.0,1001,2023-01-25,credit_card,25.0,65.635345
934,6.0,Widget,7000.0,3200,4.0,1001,2023-01-25,credit_card,25.0,19.269125
935,3.0,Whatsit,7000.0,6464,4.0,1005,2023-01-25,credit_card,25.0,39.181984
936,5.0,Widget,7000.0,3473,4.0,1001,,credit_card,25.0,12.746869
937,3.0,Thingamajig,7000.0,8002,4.0,1004,2023-01-25,credit_card,25.0,20.422928
938,3.0,Widget,,5091,4.0,1001,2023-01-25,credit_card,25.0,19.94174
939,6.0,Widget,7000.0,1376,4.0,1001,2023-01-25,credit_card,25.0,64.969406
940,2.0,Gadget,7000.0,3233,4.0,,2023-01-25,credit_card,25.0,60.37284
941,5.0,Widget,7000.0,4169,4.0,1001,2023-01-25,credit_card,25.0,40.756477
942,6.0,Doohickey,7000.0,5197,4.0,1003,2023-01-25,credit_card,25.0,12.027359
943,2.0,Whatsit,7000.0,3432,4.0,1005,2023-01-25,credit_card,25.0,26.213392
944,9.0,Thingamajig,7000.0,6195,4.0,1004,2023-01-25,credit_card,25.0,18.923653
945,5.0,Widget,7000.0,9671,,,2023-01-25,credit_card,25.0,63.57732
946,8.0,Doohickey,7000.0,7399,4.0,1003,2023-01-25,credit_card,25.0,80.12907
947,6.0,Widget,,3801,4.0,1001,2023-01-25,credit_card,25.0,73.1337
948,7.0,Whatsit,7000.0,7093,4.0,1005,,credit_card,25.0,18.794897
949,7.0,Gadget,7000.0,9699,4.0,1002,2023-01-25,credit_card,25.0,4.2433376
950,8.0,,7000.0,3177,4.0,1001,2023-01-25,credit_card,25.0,8.800237
951,6.0,Widget,7000.0,3091,4.0,1001,2023-01-25,credit_card,25.0,96.179886
952,3.0,Widget,7000.0,1352,4.0,1001,2023-01-25,,25.0,24.50945
953,1.0,Widget,7000.0,8579,4.0,1001,2023-01-25,credit_card,25.0,18.858364
954,6.0,Thingamajig,3636.0,8493,3.0,1004,2023-01-26,credit_card,26.0,53.546307
955,1.0,Doohickey,3636.0,4722,3.0,1003,2023-01-26,credit_card,26.0,112.23007
956,2.0,Doohickey,3636.0,8849,3.0,1003,2023-01-26,credit_card,26.0,31.681038
957,6.0,Widget,3636.0,6863,3.0,1001,2023-01-26,credit_card,26.0,198.87312
958,4.0,Doohickey,3636.0,9809,3.0,1003,,,26.0,23.010551
959,9.0,Whatsit,3636.0,9303,3.0,,2023-01-26,credit_card,26.0,18.637089
960,7.0,,3636.0,9636,3.0,1001,2023-01-26,,26.0,13.362608
961,5.0,Widget,3636.0,4531,3.0,1001,2023-01-26,credit_card,26.0,190.23659
962,,Widget,3636.0,6703,3.0,1001,2023-01-26,credit_card,26.0,61.22684
963,9.0,Widget,3636.0,2505,3.0,1001,2023-01-26,credit_card,26.0,25.775114
964,5.0,Doohickey,3636.0,9047,3.0,1003,2023-01-26,credit_card,26.0,84.50131
965,6.0,Gadget,3636.0,3861,3.0,1002,2023-01-26,credit_card,26.0,55.46594
966,9.0,Gadget,3636.0,5031,3.0,1002,2023-01-26,credit_card,26.0,144.6903
967,3.0,Widget,3636.0,6348,3.0,,2023-01-26,credit_card,26.0,10.372161
968,8.0,,3636.0,8085,3.0,1001,2023-01-26,credit_card,26.0,27.13922
969,1.0,Widget,3636.0,7584,3.0,1001,2023-01-26,credit_card,26.0,23.408728
970,,Thingamajig,3636.0,9597,3.0,1004,2023-01-26,credit_card,26.0,7.5363503
971,8.0,Doohickey,3636.0,7416,,1003,2023-01-26,credit_card,26.0,73.35021
972,6.0,Widget,3636.0,8165,,1001,2023-01-26,,26.0,27.0369
973,,Doohickey,3636.0,6151,3.0,1003,2023-01-26,credit_card,26.0,57.66921
974,6.0,Widget,3636.0,4741,3.0,1001,2023-01-26,credit_card,26.0,194.3827
975,2.0,Widget,3636.0,9219,3.0,1001,2023-01-26,credit_card,26.0,25.40808
976,2.0,Widget,3636.0,4399,,1001,2023-01-26,credit_card,26.0,24.146399
977,3.0,Whatsit,3636.0,6582,,1005,2023-01-26,credit_card,26.0,36.197792
978,6.0,Doohickey,3636.0,3623,3.0,1003,2023-01-26,credit_card,26.0,69.43809
979,4.0,Thingamajig,9270.0,5341,2.0,1004,2023-01-27,credit_card,27.0,41.07781
980,3.0,Whatsit,9270.0,4303,2.0,1005,2023-01-27,credit_card,,58.06775
981,2.0,Thingamajig,9270.0,3325,2.0,1004,2023-01-27,credit_card,27.0,20.084269
982,9.0,Whatsit,9270.0,8384,2.0,1005,2023-01-27,credit_card,27.0,29.52026
983,1.0,Gadget,9270.0,7904,2.0,1002,2023-01-27,credit_card,27.0,17.848186
984,8.0,Widget,9270.0,7312,2.0,1001,2023-01-27,credit_card,27.0,12.9804325
985,6.0,Widget,9270.0,1747,2.0,1001,2023-01-27,credit_card,27.0,42.52796
986,7.0,Widget,9270.0,3248,2.0,1001,2023-01-27,credit_card,27.0,38.0589
987,7.0,Widget,9270.0,2962,2.0,1001,2023-01-27,credit_card,27.0,55.464287
988,8.0,Widget,9270.0,7403,2.0,1001,2023-01-27,credit_card,27.0,49.878193
989,2.0,Whatsit,9270.0,9031,2.0,1005,2023-01-27,credit_card,27.0,39.725098
990,1.0,Widget,9270.0,4414,2.0,1001,2023-01-27,credit_card,,50.272717
991,6.0,Whatsit,9270.0,3972,2.0,1005,2023-01-27,credit_card,27.0,32.07214
992,4.0,Doohickey,9270.0,6019,2.0,1003,2023-01-27,credit_card,27.0,45.135475
993,2.0,Doohickey,9270.0,9887,2.0,1003,2023-01-27,credit_card,27.0,19.209246
994,2.0,Doohickey,9270.0,4332,2.0,1003,2023-01-27,credit_card,27.0,
995,3.0,Widget,,3504,2.0,,2023-01-27,credit_card,27.0,54.6699
996,1.0,Doohickey,,5694,2.0,1003,,credit_card,27.0,20.040173
997,1.0,Widget,9270.0,9242,2.0,1001,2023-01-27,credit_card,27.0,34.428135
998,9.0,Whatsit,9270.0,7567,2.0,1005,2023-01-27,credit_card,27.0,20.744852
999,3.0,Widget,9270.0,5663,2.0,1001,2023-01-27,credit_card,27.0,22.311895
1000,9.0,Widget,9270.0,7579,2.0,1001,2023-01-27,credit_card,27.0,14.243533
1001,9.0,Doohickey,9270.0,1136,2.0,1003,2023-01-27,credit_card,27.0,85.569695
1002,,Doohickey,9270.0,7777,2.0,1003,2023-01-27,credit_card,27.0,73.64556
1003,7.0,Gadget,9270.0,1878,2.0,1002,2023-01-27,credit_card,27.0,49.554615
1004,6.0,Doohickey,9270.0,4518,2.0,1003,2023-01-27,credit_card,27.0,145.35034
1005,7.0,Widget,9270.0,4148,2.0,1001,2023-01-27,credit_card,27.0,28.733559
1006,1.0,Doohickey,9270.0,7213,2.0,1003,2023-01-27,credit_card,,321.7651
1007,2.0,Widget,9270.0,3159,2.0,1001,2023-01-27,credit_card,27.0,27.920269
1008,1.0,,9270.0,3148,2.0,1001,2023-01-27,,27.0,
1009,,Widget,9270.0,8957,2.0,1001,2023-01-27,credit_card,27.0,24.57345
1010,9.0,Widget,9270.0,5296,2.0,1001,2023-01-27,credit_card,27.0,43.782936
1011,7.0,Widget,9270.0,7672,2.0,1001,2023-01-27,credit_card,27.0,61.973766
1012,7.0,Gadget,9270.0,6247,2.0,1002,2023-01-27,credit_card,27.0,30.40365
1013,9.0,Widget,9270.0,6578,2.0,1001,2023-01-27,credit_card,27.0,125.52939
1014,7.0,Widget,9270.0,7177,2.0,1001,2023-01-27,credit_card,27.0,39.621105
1015,1.0,Gadget,9270.0,7007,2.0,1002,2023-01-27,credit_card,,40.563313
1016,8.0,Widget,9270.0,9207,2.0,1001,2023-01-27,credit_card,27.0,16.747545
1017,4.0,Doohickey,9270.0,8063,2.0,1003,2023-01-27,credit_card,27.0,45.325706
1018,1.0,Whatsit,9270.0,3742,2.0,1005,2023-01-27,credit_card,27.0,
1019,5.0,Gadget,9270.0,2525,2.0,1002,2023-01-27,credit_card,27.0,20.985258
1020,9.0,Whatsit,9270.0,8606,2.0,1005,2023-01-27,credit_card,27.0,18.49766
1021,,Widget,9270.0,4352,2.0,1001,2023-01-27,credit_card,27.0,245.62906
1022,5.0,Widget,9270.0,3799,2.0,1001,2023-01-27,credit_card,27.0,
1023,2.0,Doohickey,9270.0,1999,2.0,1003,2023-01-27,credit_card,27.0,11.103506
1024,1.0,Doohickey,9270.0,5966,2.0,1003,2023-01-27,credit_card,27.0,19.615772
1025,1.0,Thingamajig,,5608,2.0,1004,2023-01-27,,27.0,31.859135
1026,7.0,Widget,9270.0,8452,2.0,1001,2023-01-27,credit_card,27.0,49.898964
1027,8.0,Doohickey,9270.0,7736,2.0,1003,2023-01-27,credit_card,27.0,50.204136
